employee_id,name,department,city,salary,hire_date
EMP-0001,Ishaan Reddy,Finance,Delhi,104000,2024-06-16
EMP-0002,Ishaan Das,Finance,Bengaluru,71000,2016-07-04
EMP-0003,Aarav Gupta,Engineering,Pune,132000,2022-05-18
EMP-0004,Arjun Gupta,Sales,Pune,98000,2024-08-24
EMP-0005,Omar Chen,Operations,Pune,79000,2017-01-06
EMP-0006,Morgan Silva,HR,Pune,94000,2020-01-18
EMP-0007,Sara Mehta,Marketing,Bengaluru,75000,2021-10-12
EMP-0008,Ravi Iyer,HR,Delhi,87000,2020-08-17
EMP-0009,Taylor Kim,Finance,Bengaluru,101000,2015-05-18
EMP-0010,Ravi Lee,HR,Pune,49000,2021-07-04
EMP-0011,Arjun Gupta,Operations,Hyderabad,86000,2023-03-15
EMP-0012,Priya Novak,Marketing,Hyderabad,53000,2020-11-13
EMP-0013,Sara Wilson,Engineering,Chennai,150000,2023-04-26
EMP-0014,Arjun Silva,Operations,Delhi,91000,2021-07-02
EMP-0015,Ananya Smith,HR,Bengaluru,76000,2023-09-24
EMP-0016,Priya Novak,Finance,Chennai,115000,2021-06-08
EMP-0017,Morgan Lee,Marketing,Delhi,99000,2018-04-21
EMP-0018,Ananya Ali,Sales,Remote,83000,2023-02-25
EMP-0019,Vihaan Patel,HR,Hyderabad,82000,2020-04-22
EMP-0020,Nina Patel,Sales,Chennai,82000,2024-01-27
EMP-0021,Aarav Das,HR,Mumbai,73000,2015-12-04
EMP-0022,Arjun Khan,HR,Hyderabad,58000,2016-06-26
EMP-0023,Vihaan Khan,Marketing,Bengaluru,48000,2023-04-25
EMP-0024,Kavya Kim,HR,Chennai,89000,2016-09-11
EMP-0025,Casey Mehta,Finance,Chennai,88000,2023-10-11
EMP-0026,Ravi Mehta,Sales,Bengaluru,49000,2018-11-05
EMP-0027,Omar Gupta,Sales,Pune,108000,2023-06-11
EMP-0028,Sara Brown,Finance,Hyderabad,76000,2017-05-13
EMP-0029,Casey Patel,Operations,Remote,81000,2017-12-18
EMP-0030,Ananya Mehta,Engineering,Pune,129000,2019-06-22
EMP-0031,Ravi Silva,Marketing,Chennai,62000,2019-04-05
EMP-0032,Jordan Wilson,Operations,Hyderabad,56000,2016-08-17
EMP-0033,Aarav Das,Finance,Chennai,112000,2019-04-14
EMP-0034,Sam Patel,Marketing,Chennai,54000,2020-12-16
EMP-0035,Morgan Ali,Marketing,Delhi,89000,2024-08-16
EMP-0036,Vihaan Khan,Marketing,Delhi,99000,2016-02-07
EMP-0037,Nina Garcia,Operations,Chennai,69000,2023-09-02
EMP-0038,Sara Kim,Operations,Hyderabad,89000,2017-03-09
EMP-0039,Kavya Smith,Marketing,Chennai,83000,2015-02-13
EMP-0040,Arjun Sharma,Engineering,Hyderabad,122000,2016-02-05
EMP-0041,Priya Lee,Engineering,Delhi,98000,2023-02-18
EMP-0042,Rohan Patel,Marketing,Bengaluru,49000,2021-12-12
EMP-0043,Omar Reddy,Engineering,Bengaluru,146000,2022-02-26
EMP-0044,Diya Singh,Operations,Mumbai,94000,2021-10-12
EMP-0045,Nina Mehta,Finance,Mumbai,69000,2022-10-20
EMP-0046,Zara Brown,Marketing,Chennai,90000,2015-11-07
EMP-0047,Vihaan Chen,Finance,Mumbai,96000,2017-11-20
EMP-0048,Vihaan Patel,Engineering,Delhi,118000,2019-05-11
EMP-0049,Vihaan Khan,Engineering,Bengaluru,92000,2019-12-10
EMP-0050,Rohan Ali,Finance,Chennai,105000,2016-12-31
EMP-0051,Diya Gupta,Finance,Pune,124000,2023-08-15
EMP-0052,Omar Kumar,Sales,Delhi,101000,2023-01-09
EMP-0053,Ananya Singh,Engineering,Chennai,79000,2021-05-29
EMP-0054,Priya Sharma,Marketing,Mumbai,105000,2020-07-31
EMP-0055,Aarav Patel,Operations,Delhi,82000,2019-05-19
EMP-0056,Alex Garcia,Sales,Chennai,45000,2020-10-12
EMP-0057,Ravi Chen,Finance,Chennai,106000,2024-06-19
EMP-0058,Taylor Iyer,Engineering,Chennai,70000,2019-04-24
EMP-0059,Diya Kim,Finance,Delhi,123000,2019-01-10
EMP-0060,Zara Garcia,Operations,Chennai,43000,2022-02-02
EMP-0061,Casey Silva,Engineering,Remote,113000,2015-11-26
EMP-0062,Zara Reddy,Finance,Bengaluru,77000,2021-03-21
EMP-0063,Rohan Das,Finance,Chennai,104000,2016-03-13
EMP-0064,Casey Wilson,Operations,Chennai,45000,2024-12-04
EMP-0065,Rohan Gupta,Finance,Bengaluru,59000,2017-03-01
EMP-0066,Nina Iyer,Operations,Bengaluru,71000,2019-05-12
EMP-0067,Zara Wilson,HR,Remote,76000,2024-05-10
EMP-0068,Aarav Patel,Finance,Delhi,98000,2015-08-18
EMP-0069,Ananya Garcia,Operations,Remote,47000,2017-05-17
EMP-0070,Sam Brown,Operations,Remote,100000,2022-08-09
EMP-0071,Ishaan Kim,HR,Bengaluru,56000,2015-10-23
EMP-0072,Ishaan Wilson,Operations,Pune,81000,2015-03-20
EMP-0073,Ananya Iyer,HR,Mumbai,86000,2022-04-11
EMP-0074,Kavya Patel,Engineering,Remote,109000,2024-03-15
EMP-0075,Priya Ali,Engineering,Hyderabad,91000,2024-05-14
EMP-0076,Diya Kumar,Engineering,Remote,133000,2021-09-03
EMP-0077,Sara Singh,HR,Pune,93000,2017-04-10
EMP-0078,Jordan Smith,Marketing,Hyderabad,55000,2022-09-03
EMP-0079,Ishaan Smith,HR,Mumbai,95000,2023-11-23
EMP-0080,Nina Mehta,Engineering,Bengaluru,112000,2015-09-16
EMP-0081,Ishaan Chen,Marketing,Delhi,58000,2022-10-23
EMP-0082,Kavya Brown,HR,Bengaluru,57000,2021-07-11
EMP-0083,Diya Ali,Sales,Mumbai,93000,2023-09-21
EMP-0084,Ravi Singh,Engineering,Mumbai,70000,2015-01-30
EMP-0085,Nina Das,Engineering,Remote,123000,2022-10-11
EMP-0086,Ishaan Reddy,Finance,Delhi,73000,2022-03-05
EMP-0087,Priya Chen,HR,Hyderabad,57000,2016-12-15
EMP-0088,Ananya Ali,Operations,Pune,51000,2023-01-16
EMP-0089,Arjun Das,HR,Bengaluru,64000,2019-09-12
EMP-0090,Sara Reddy,HR,Bengaluru,49000,2020-12-11
EMP-0091,Casey Silva,HR,Pune,74000,2017-06-17
EMP-0092,Rohan Khan,Operations,Bengaluru,43000,2017-03-04
EMP-0093,Ravi Wilson,Sales,Chennai,67000,2016-10-16
EMP-0094,Ananya Lee,Engineering,Pune,106000,2017-05-08
EMP-0095,Alex Ali,Marketing,Remote,99000,2024-12-24
EMP-0096,Ananya Kumar,Finance,Mumbai,61000,2021-01-10
EMP-0097,Aarav Wilson,Sales,Bengaluru,110000,2016-04-20
EMP-0098,Priya Kim,Sales,Mumbai,86000,2019-09-13
EMP-0099,Alex Iyer,Operations,Delhi,89000,2016-03-27
EMP-0100,Diya Iyer,Sales,Mumbai,97000,2024-10-03
EMP-0101,Sara Singh,Finance,Pune,115000,2021-07-24
EMP-0102,Morgan Gupta,Engineering,Pune,97000,2021-11-01
EMP-0103,Jordan Lee,Sales,Chennai,62000,2020-02-18
EMP-0104,Casey Khan,Sales,Mumbai,70000,2018-10-07
EMP-0105,Nina Patel,Engineering,Bengaluru,105000,2016-07-13
EMP-0106,Priya Chen,Finance,Delhi,76000,2023-07-12
EMP-0107,Zara Ali,Sales,Remote,65000,2023-11-08
EMP-0108,Omar Mehta,Operations,Remote,76000,2021-03-14
EMP-0109,Arjun Chen,Sales,Mumbai,107000,2024-09-01
EMP-0110,Ravi Brown,HR,Chennai,59000,2015-03-01
EMP-0111,Sara Iyer,Finance,Hyderabad,96000,2019-11-14
EMP-0112,Nina Gupta,Sales,Bengaluru,45000,2019-09-08
EMP-0113,Ravi Novak,Engineering,Hyderabad,74000,2019-10-10
EMP-0114,Ravi Kumar,Finance,Mumbai,112000,2020-07-21
EMP-0115,Taylor Sharma,Engineering,Pune,158000,2023-03-17
EMP-0116,Ishaan Lee,Sales,Chennai,82000,2017-09-06
EMP-0117,Aarav Wilson,Engineering,Mumbai,155000,2018-06-02
EMP-0118,Priya Kim,Operations,Bengaluru,87000,2021-07-18
EMP-0119,Priya Gupta,Finance,Remote,106000,2017-01-27
EMP-0120,Priya Sharma,Marketing,Bengaluru,103000,2022-01-13
EMP-0121,Alex Novak,Finance,Pune,59000,2018-04-29
EMP-0122,Omar Silva,Marketing,Mumbai,84000,2023-11-29
EMP-0123,Arjun Ali,Operations,Chennai,96000,2018-10-07
EMP-0124,Sam Lee,Engineering,Pune,76000,2016-03-30
EMP-0125,Priya Ali,Marketing,Delhi,50000,2019-02-06
EMP-0126,Taylor Singh,Sales,Delhi,71000,2016-07-20
EMP-0127,Taylor Kumar,Sales,Remote,106000,2023-04-09
EMP-0128,Rohan Iyer,HR,Delhi,62000,2018-12-15
EMP-0129,Morgan Khan,HR,Delhi,45000,2015-09-17
EMP-0130,Priya Wilson,Marketing,Remote,80000,2020-11-27
EMP-0131,Ravi Silva,Engineering,Hyderabad,156000,2024-04-03
EMP-0132,Priya Ali,Marketing,Chennai,71000,2023-12-21
EMP-0133,Arjun Reddy,Operations,Pune,97000,2024-11-29
EMP-0134,Arjun Garcia,Engineering,Bengaluru,92000,2018-03-27
EMP-0135,Kavya Khan,Engineering,Mumbai,84000,2022-10-26
EMP-0136,Ishaan Reddy,Finance,Bengaluru,121000,2022-01-13
EMP-0137,Morgan Silva,Marketing,Delhi,56000,2020-04-25
EMP-0138,Priya Sharma,Finance,Bengaluru,92000,2017-02-13
EMP-0139,Sara Novak,Engineering,Pune,152000,2018-10-07
EMP-0140,Alex Smith,HR,Chennai,73000,2021-08-27
EMP-0141,Sam Silva,Operations,Delhi,68000,2020-02-19
EMP-0142,Ishaan Das,HR,Delhi,52000,2023-11-07
EMP-0143,Ravi Lee,Sales,Remote,81000,2023-08-19
EMP-0144,Ishaan Lee,Engineering,Mumbai,106000,2020-02-11
EMP-0145,Kavya Silva,HR,Mumbai,60000,2017-01-16
EMP-0146,Ishaan Mehta,Operations,Bengaluru,55000,2016-04-23
EMP-0147,Nina Gupta,Marketing,Delhi,76000,2017-12-02
EMP-0148,Rohan Silva,Sales,Delhi,49000,2022-06-19
EMP-0149,Ishaan Lee,Marketing,Mumbai,76000,2021-01-20
EMP-0150,Zara Kumar,HR,Pune,43000,2019-07-16
EMP-0151,Priya Smith,Sales,Chennai,64000,2015-01-18
EMP-0152,Sam Smith,HR,Delhi,83000,2022-11-29
EMP-0153,Zara Kim,Finance,Hyderabad,73000,2023-12-20
EMP-0154,Priya Smith,Operations,Chennai,84000,2016-04-05
EMP-0155,Ananya Gupta,Finance,Delhi,125000,2016-04-23
EMP-0156,Jordan Ali,Engineering,Delhi,98000,2020-01-01
EMP-0157,Alex Patel,Engineering,Mumbai,147000,2022-03-11
EMP-0158,Sam Iyer,HR,Delhi,92000,2023-08-09
EMP-0159,Aarav Singh,Sales,Chennai,102000,2022-08-05
EMP-0160,Sam Garcia,Engineering,Delhi,94000,2020-07-01
EMP-0161,Omar Novak,HR,Delhi,45000,2022-06-24
EMP-0162,Ishaan Chen,Finance,Delhi,102000,2019-05-01
EMP-0163,Zara Lee,Engineering,Pune,114000,2018-06-15
EMP-0164,Arjun Reddy,HR,Pune,88000,2024-12-15
EMP-0165,Morgan Brown,Operations,Remote,58000,2016-11-01
EMP-0166,Morgan Chen,Operations,Hyderabad,48000,2024-05-15
EMP-0167,Arjun Gupta,HR,Pune,55000,2018-05-27
EMP-0168,Alex Singh,HR,Pune,79000,2023-06-25
EMP-0169,Aarav Chen,Engineering,Pune,151000,2018-01-24
EMP-0170,Taylor Brown,Sales,Mumbai,62000,2017-03-27
EMP-0171,Zara Silva,Finance,Remote,117000,2015-06-22
EMP-0172,Nina Das,Marketing,Chennai,79000,2021-04-09
EMP-0173,Sara Sharma,Finance,Delhi,55000,2016-09-22
EMP-0174,Ravi Kumar,Marketing,Delhi,89000,2022-06-20
EMP-0175,Kavya Wilson,Finance,Bengaluru,86000,2015-04-27
EMP-0176,Ravi Singh,Marketing,Delhi,86000,2023-05-12
EMP-0177,Ravi Kim,HR,Delhi,69000,2024-09-26
EMP-0178,Ravi Kumar,Operations,Chennai,63000,2020-09-30
EMP-0179,Aarav Khan,HR,Bengaluru,52000,2021-07-10
EMP-0180,Alex Brown,Sales,Mumbai,62000,2019-01-03
EMP-0181,Vihaan Lee,Engineering,Delhi,123000,2022-02-19
EMP-0182,Zara Das,Engineering,Bengaluru,137000,2022-03-02
EMP-0183,Rohan Mehta,HR,Hyderabad,90000,2016-01-23
EMP-0184,Taylor Smith,Sales,Remote,85000,2024-04-09
EMP-0185,Zara Khan,Operations,Chennai,83000,2022-10-29
EMP-0186,Diya Silva,Marketing,Remote,85000,2018-12-11
EMP-0187,Aarav Gupta,Sales,Remote,81000,2019-03-08
EMP-0188,Morgan Smith,Finance,Mumbai,75000,2016-02-24
EMP-0189,Sam Iyer,Sales,Hyderabad,69000,2023-12-01
EMP-0190,Sam Silva,HR,Chennai,87000,2021-03-07
EMP-0191,Morgan Brown,Engineering,Remote,79000,2016-04-22
EMP-0192,Aarav Wilson,Sales,Chennai,89000,2018-06-30
EMP-0193,Ishaan Brown,Marketing,Hyderabad,104000,2021-09-13
EMP-0194,Kavya Das,Marketing,Remote,49000,2023-05-08
EMP-0195,Sara Gupta,Engineering,Chennai,158000,2016-08-06
EMP-0196,Zara Gupta,Sales,Bengaluru,71000,2016-06-17
EMP-0197,Diya Singh,Finance,Pune,57000,2023-09-09
EMP-0198,Ananya Reddy,Finance,Remote,68000,2015-05-15
EMP-0199,Sam Kim,Operations,Bengaluru,43000,2020-04-05
EMP-0200,Ananya Singh,Marketing,Bengaluru,67000,2022-06-27
EMP-0201,Diya Ali,Engineering,Mumbai,96000,2021-08-03
EMP-0202,Casey Sharma,Sales,Remote,56000,2016-08-19
EMP-0203,Vihaan Kim,Operations,Mumbai,62000,2018-12-13
EMP-0204,Omar Iyer,HR,Bengaluru,74000,2021-05-24
EMP-0205,Nina Sharma,Engineering,Chennai,137000,2017-06-07
EMP-0206,Zara Mehta,Sales,Bengaluru,45000,2023-02-19
EMP-0207,Sam Wilson,Sales,Hyderabad,91000,2022-10-30
EMP-0208,Priya Kumar,Sales,Delhi,68000,2024-05-12
EMP-0209,Morgan Reddy,Finance,Pune,120000,2017-07-21
EMP-0210,Alex Kumar,Engineering,Hyderabad,129000,2016-03-27
EMP-0211,Ravi Lee,Sales,Chennai,81000,2021-04-01
EMP-0212,Arjun Smith,Engineering,Pune,133000,2016-04-18
EMP-0213,Priya Ali,Marketing,Chennai,95000,2018-07-01
EMP-0214,Sara Silva,Finance,Remote,107000,2018-04-05
EMP-0215,Rohan Singh,Finance,Delhi,115000,2022-08-13
EMP-0216,Aarav Wilson,Sales,Pune,58000,2019-06-12
EMP-0217,Arjun Kumar,HR,Pune,51000,2019-06-06
EMP-0218,Nina Kumar,Operations,Bengaluru,87000,2016-11-22
EMP-0219,Rohan Smith,Marketing,Remote,60000,2021-09-02
EMP-0220,Diya Iyer,Finance,Pune,109000,2023-02-18
EMP-0221,Nina Kim,Marketing,Remote,65000,2023-06-25
EMP-0222,Jordan Lee,Operations,Hyderabad,70000,2022-06-23
EMP-0223,Ravi Novak,Finance,Remote,90000,2016-08-26
EMP-0224,Diya Kumar,Finance,Pune,87000,2020-06-27
EMP-0225,Ishaan Sharma,Sales,Bengaluru,57000,2023-04-11
EMP-0226,Ravi Sharma,Engineering,Hyderabad,92000,2019-04-17
EMP-0227,Alex Gupta,Operations,Hyderabad,59000,2021-12-22
EMP-0228,Arjun Novak,Engineering,Pune,133000,2023-11-22
EMP-0229,Zara Wilson,Sales,Delhi,107000,2020-08-29
EMP-0230,Alex Silva,HR,Remote,76000,2015-03-14
EMP-0231,Morgan Kumar,Engineering,Delhi,119000,2020-01-18
EMP-0232,Priya Brown,Finance,Mumbai,59000,2015-05-15
EMP-0233,Zara Mehta,HR,Mumbai,73000,2019-10-31
EMP-0234,Jordan Wilson,Marketing,Hyderabad,96000,2016-03-24
EMP-0235,Ravi Silva,Operations,Hyderabad,83000,2021-01-18
EMP-0236,Ravi Silva,Finance,Bengaluru,75000,2020-09-06
EMP-0237,Vihaan Wilson,Finance,Chennai,103000,2021-12-01
EMP-0238,Zara Smith,Marketing,Hyderabad,51000,2015-04-26
EMP-0239,Ishaan Lee,Engineering,Chennai,114000,2024-01-29
EMP-0240,Aarav Smith,HR,Pune,66000,2016-02-03
EMP-0241,Casey Chen,Marketing,Chennai,70000,2015-08-20
EMP-0242,Sara Iyer,Sales,Bengaluru,84000,2021-08-24
EMP-0243,Arjun Das,Operations,Mumbai,47000,2018-10-14
EMP-0244,Taylor Smith,Engineering,Chennai,74000,2020-03-02
EMP-0245,Nina Novak,Finance,Bengaluru,108000,2017-12-28
EMP-0246,Ravi Kim,Operations,Pune,41000,2018-07-20
EMP-0247,Jordan Smith,HR,Remote,78000,2016-02-05
EMP-0248,Diya Reddy,Finance,Hyderabad,98000,2020-07-27
EMP-0249,Alex Mehta,Operations,Delhi,79000,2018-05-11
EMP-0250,Rohan Wilson,Finance,Remote,64000,2024-06-04
EMP-0251,Rohan Das,HR,Delhi,58000,2015-07-14
EMP-0252,Jordan Iyer,HR,Bengaluru,81000,2023-05-01
EMP-0253,Nina Kumar,Operations,Delhi,77000,2018-10-11
EMP-0254,Nina Novak,Engineering,Mumbai,130000,2019-10-16
EMP-0255,Arjun Das,Marketing,Delhi,80000,2024-01-07
EMP-0256,Taylor Smith,Finance,Pune,80000,2019-08-25
EMP-0257,Omar Novak,Marketing,Remote,77000,2022-07-13
EMP-0258,Kavya Sharma,HR,Hyderabad,82000,2022-11-20
EMP-0259,Nina Wilson,Sales,Remote,72000,2022-05-30
EMP-0260,Priya Khan,Operations,Hyderabad,99000,2022-02-25
EMP-0261,Morgan Kim,HR,Bengaluru,88000,2022-01-11
EMP-0262,Rohan Lee,HR,Mumbai,71000,2016-08-28
EMP-0263,Zara Chen,Sales,Remote,97000,2018-07-29
EMP-0264,Rohan Chen,Engineering,Delhi,104000,2024-03-27
EMP-0265,Kavya Khan,Operations,Mumbai,83000,2021-09-28
EMP-0266,Sara Kumar,Finance,Bengaluru,74000,2017-02-25
EMP-0267,Zara Brown,Sales,Pune,107000,2021-04-12
EMP-0268,Ananya Reddy,Finance,Mumbai,75000,2018-01-22
EMP-0269,Vihaan Khan,Engineering,Mumbai,154000,2021-03-05
EMP-0270,Ananya Wilson,Operations,Bengaluru,90000,2015-03-23
EMP-0271,Alex Ali,Engineering,Bengaluru,108000,2024-09-21
EMP-0272,Casey Singh,Finance,Chennai,105000,2024-06-01
EMP-0273,Sara Kumar,Sales,Hyderabad,109000,2016-05-09
EMP-0274,Nina Novak,Operations,Bengaluru,56000,2020-07-26
EMP-0275,Omar Kumar,Sales,Remote,85000,2018-09-10
EMP-0276,Jordan Iyer,HR,Mumbai,69000,2017-06-11
EMP-0277,Kavya Reddy,Engineering,Pune,105000,2019-12-06
EMP-0278,Nina Patel,Marketing,Delhi,79000,2020-12-25
EMP-0279,Diya Smith,Operations,Pune,74000,2019-10-02
EMP-0280,Sara Khan,Operations,Mumbai,96000,2023-10-18
EMP-0281,Ravi Lee,Marketing,Bengaluru,100000,2018-06-16
EMP-0282,Omar Patel,Operations,Chennai,93000,2023-04-17
EMP-0283,Sara Khan,Engineering,Delhi,140000,2019-04-25
EMP-0284,Casey Kumar,Operations,Mumbai,74000,2024-09-21
EMP-0285,Jordan Sharma,Finance,Delhi,105000,2017-11-12
EMP-0286,Sara Das,Engineering,Mumbai,96000,2024-08-21
EMP-0287,Alex Chen,Finance,Remote,59000,2018-01-27
EMP-0288,Ravi Wilson,Engineering,Delhi,122000,2024-06-07
EMP-0289,Morgan Kumar,Operations,Chennai,92000,2016-10-18
EMP-0290,Sam Singh,Marketing,Hyderabad,70000,2019-09-20
EMP-0291,Taylor Smith,Operations,Bengaluru,69000,2022-10-18
EMP-0292,Kavya Brown,Engineering,Bengaluru,152000,2016-07-11
EMP-0293,Rohan Das,Finance,Bengaluru,95000,2021-06-16
EMP-0294,Kavya Iyer,Engineering,Remote,136000,2023-01-01
EMP-0295,Ishaan Ali,Operations,Remote,83000,2019-08-08
EMP-0296,Priya Wilson,Marketing,Mumbai,103000,2023-03-31
EMP-0297,Kavya Kim,Marketing,Remote,100000,2018-09-03
EMP-0298,Rohan Singh,Marketing,Mumbai,74000,2019-02-14
EMP-0299,Jordan Kim,Finance,Bengaluru,83000,2015-03-26
EMP-0300,Omar Iyer,HR,Mumbai,47000,2020-03-09
EMP-0301,Kavya Patel,Marketing,Pune,73000,2021-12-06
EMP-0302,Vihaan Gupta,HR,Mumbai,47000,2019-02-16
EMP-0303,Diya Sharma,HR,Pune,87000,2020-11-23
EMP-0304,Ravi Kumar,Finance,Mumbai,83000,2023-01-01
EMP-0305,Vihaan Das,Sales,Mumbai,108000,2019-04-14
EMP-0306,Rohan Ali,Finance,Delhi,82000,2024-03-29
EMP-0307,Rohan Chen,Operations,Remote,51000,2019-08-01
EMP-0308,Aarav Das,Sales,Hyderabad,78000,2017-08-22
EMP-0309,Sara Lee,Finance,Bengaluru,113000,2015-12-18
EMP-0310,Ishaan Smith,Finance,Mumbai,105000,2022-09-14
EMP-0311,Jordan Chen,Operations,Delhi,87000,2021-09-12
EMP-0312,Diya Silva,Engineering,Delhi,77000,2015-08-02
EMP-0313,Ravi Lee,Sales,Delhi,50000,2015-01-22
EMP-0314,Omar Garcia,HR,Chennai,61000,2019-06-05
EMP-0315,Ishaan Silva,Marketing,Mumbai,50000,2021-07-05
EMP-0316,Kavya Novak,Marketing,Pune,79000,2018-10-21
EMP-0317,Arjun Smith,Sales,Delhi,100000,2016-08-03
EMP-0318,Alex Patel,Engineering,Remote,86000,2020-08-06
EMP-0319,Casey Chen,Marketing,Delhi,66000,2024-10-31
EMP-0320,Vihaan Novak,HR,Mumbai,62000,2019-11-20
EMP-0321,Ravi Gupta,Marketing,Chennai,83000,2024-07-26
EMP-0322,Priya Patel,Operations,Bengaluru,52000,2016-08-31
EMP-0323,Kavya Patel,Sales,Mumbai,105000,2017-12-01
EMP-0324,Priya Chen,Operations,Bengaluru,47000,2020-07-20
EMP-0325,Casey Silva,Finance,Pune,117000,2020-02-18
EMP-0326,Ishaan Kumar,Engineering,Mumbai,114000,2016-01-19
EMP-0327,Kavya Mehta,Marketing,Remote,95000,2020-09-14
EMP-0328,Nina Kim,Marketing,Bengaluru,61000,2021-07-18
EMP-0329,Nina Mehta,HR,Mumbai,68000,2015-11-11
EMP-0330,Diya Smith,Finance,Chennai,58000,2018-03-10
EMP-0331,Diya Garcia,Operations,Bengaluru,63000,2021-08-15
EMP-0332,Ishaan Sharma,Marketing,Remote,53000,2020-02-29
EMP-0333,Ravi Brown,Operations,Hyderabad,80000,2018-01-08
EMP-0334,Aarav Smith,Operations,Hyderabad,42000,2022-05-11
EMP-0335,Alex Kim,Finance,Remote,71000,2017-05-15
EMP-0336,Zara Smith,Engineering,Bengaluru,77000,2023-05-05
EMP-0337,Omar Garcia,HR,Delhi,47000,2019-06-22
EMP-0338,Sara Garcia,Sales,Remote,56000,2015-03-26
EMP-0339,Kavya Garcia,Sales,Chennai,96000,2018-03-13
EMP-0340,Ishaan Kumar,Operations,Remote,59000,2020-07-03
EMP-0341,Zara Ali,Finance,Chennai,71000,2019-01-10
EMP-0342,Casey Novak,Engineering,Pune,95000,2020-06-28
EMP-0343,Ravi Khan,Finance,Remote,109000,2016-01-05
EMP-0344,Casey Ali,Finance,Chennai,78000,2019-11-14
EMP-0345,Arjun Patel,Finance,Pune,120000,2018-10-31
EMP-0346,Sara Gupta,Operations,Hyderabad,99000,2020-07-21
EMP-0347,Sam Singh,Operations,Pune,58000,2020-04-01
EMP-0348,Ravi Das,Engineering,Chennai,89000,2016-06-07
EMP-0349,Sara Novak,Marketing,Hyderabad,75000,2018-04-25
EMP-0350,Taylor Singh,Engineering,Bengaluru,75000,2020-10-03
EMP-0351,Morgan Chen,HR,Chennai,48000,2020-03-18
EMP-0352,Nina Khan,Operations,Hyderabad,62000,2017-11-09
EMP-0353,Sam Sharma,Engineering,Chennai,84000,2023-04-22
EMP-0354,Kavya Mehta,Finance,Bengaluru,105000,2015-07-05
EMP-0355,Zara Smith,Finance,Chennai,113000,2023-06-30
EMP-0356,Omar Khan,Finance,Remote,98000,2024-10-09
EMP-0357,Rohan Mehta,Sales,Hyderabad,55000,2023-05-18
EMP-0358,Diya Chen,Marketing,Bengaluru,82000,2015-03-15
EMP-0359,Diya Sharma,Finance,Pune,76000,2022-05-10
EMP-0360,Jordan Ali,Finance,Hyderabad,117000,2018-05-25
EMP-0361,Casey Garcia,HR,Bengaluru,93000,2018-05-24
EMP-0362,Ishaan Sharma,Sales,Remote,69000,2016-04-03
EMP-0363,Rohan Sharma,Engineering,Chennai,96000,2020-05-24
EMP-0364,Sara Chen,Sales,Delhi,69000,2015-12-19
EMP-0365,Ishaan Wilson,Finance,Bengaluru,109000,2015-03-31
EMP-0366,Ishaan Brown,Sales,Bengaluru,107000,2020-04-15
EMP-0367,Nina Iyer,Finance,Hyderabad,80000,2018-04-22
EMP-0368,Ananya Smith,Finance,Chennai,56000,2016-02-25
EMP-0369,Morgan Chen,Operations,Chennai,94000,2020-07-23
EMP-0370,Omar Silva,HR,Pune,60000,2015-06-01
EMP-0371,Ravi Novak,Finance,Chennai,117000,2017-08-07
EMP-0372,Sam Sharma,Engineering,Delhi,124000,2021-06-18
EMP-0373,Arjun Khan,HR,Pune,83000,2019-09-05
EMP-0374,Ravi Ali,Engineering,Pune,152000,2018-11-21
EMP-0375,Morgan Sharma,Operations,Chennai,50000,2018-03-25
EMP-0376,Ravi Lee,Sales,Hyderabad,101000,2017-08-08
EMP-0377,Nina Smith,Sales,Delhi,104000,2016-06-21
EMP-0378,Jordan Chen,Operations,Chennai,93000,2022-07-20
EMP-0379,Casey Wilson,Operations,Mumbai,91000,2024-06-21
EMP-0380,Rohan Das,HR,Bengaluru,86000,2023-05-27
EMP-0381,Ravi Gupta,Operations,Mumbai,51000,2017-03-28
EMP-0382,Ravi Kumar,HR,Pune,92000,2019-08-31
EMP-0383,Sara Reddy,Marketing,Bengaluru,83000,2015-07-12
EMP-0384,Vihaan Lee,Marketing,Mumbai,91000,2016-10-11
EMP-0385,Ananya Singh,HR,Bengaluru,63000,2019-10-30
EMP-0386,Sara Kumar,HR,Pune,77000,2017-07-06
EMP-0387,Alex Lee,Marketing,Remote,97000,2015-07-11
EMP-0388,Vihaan Gupta,HR,Hyderabad,86000,2024-10-18
EMP-0389,Diya Patel,HR,Pune,70000,2023-12-17
EMP-0390,Diya Ali,Engineering,Remote,148000,2023-10-09
EMP-0391,Taylor Patel,Engineering,Mumbai,134000,2016-03-07
EMP-0392,Diya Reddy,Operations,Mumbai,98000,2019-01-21
EMP-0393,Zara Brown,Operations,Pune,88000,2020-09-03
EMP-0394,Diya Gupta,Operations,Delhi,81000,2019-01-29
EMP-0395,Diya Reddy,Sales,Remote,101000,2019-08-30
EMP-0396,Sara Wilson,Engineering,Hyderabad,113000,2018-03-20
EMP-0397,Arjun Khan,Sales,Remote,92000,2023-01-08
EMP-0398,Casey Iyer,Finance,Remote,74000,2023-06-13
EMP-0399,Morgan Iyer,HR,Pune,50000,2023-12-29
EMP-0400,Morgan Brown,Finance,Chennai,121000,2023-11-29
EMP-0401,Aarav Brown,Marketing,Bengaluru,57000,2023-08-21
EMP-0402,Sam Singh,Operations,Delhi,45000,2018-10-17
EMP-0403,Kavya Chen,Finance,Remote,62000,2019-05-30
EMP-0404,Ishaan Kim,Engineering,Chennai,77000,2022-01-31
EMP-0405,Sam Das,Operations,Chennai,66000,2019-07-05
EMP-0406,Taylor Das,Operations,Delhi,86000,2023-05-01
EMP-0407,Aarav Khan,Marketing,Hyderabad,105000,2020-12-01
EMP-0408,Jordan Brown,Sales,Hyderabad,71000,2024-12-14
EMP-0409,Omar Brown,HR,Remote,86000,2018-11-15
EMP-0410,Jordan Reddy,Operations,Bengaluru,96000,2018-05-20
EMP-0411,Taylor Smith,Engineering,Chennai,119000,2023-02-18
EMP-0412,Ishaan Novak,Operations,Mumbai,74000,2018-03-08
EMP-0413,Sam Silva,Engineering,Delhi,109000,2020-11-05
EMP-0414,Kavya Sharma,Operations,Remote,41000,2024-12-25
EMP-0415,Nina Khan,HR,Remote,57000,2024-05-01
EMP-0416,Morgan Novak,Marketing,Bengaluru,55000,2023-03-18
EMP-0417,Vihaan Novak,Marketing,Bengaluru,70000,2016-05-22
EMP-0418,Diya Brown,Operations,Chennai,59000,2021-06-02
EMP-0419,Priya Smith,Engineering,Chennai,100000,2024-01-12
EMP-0420,Nina Silva,HR,Delhi,80000,2017-08-15
EMP-0421,Zara Kim,Marketing,Chennai,91000,2016-07-27
EMP-0422,Sam Iyer,Finance,Hyderabad,68000,2018-09-04
EMP-0423,Rohan Lee,HR,Mumbai,71000,2016-02-06
EMP-0424,Morgan Chen,Operations,Bengaluru,45000,2016-01-13
EMP-0425,Ishaan Wilson,Finance,Bengaluru,82000,2020-01-02
EMP-0426,Sam Garcia,Marketing,Hyderabad,85000,2021-04-08
EMP-0427,Vihaan Kim,Finance,Pune,118000,2022-02-19
EMP-0428,Ravi Chen,Finance,Hyderabad,75000,2016-08-14
EMP-0429,Ravi Brown,Sales,Hyderabad,61000,2022-11-25
EMP-0430,Diya Reddy,HR,Bengaluru,71000,2020-04-22
EMP-0431,Kavya Silva,Operations,Hyderabad,63000,2016-05-01
EMP-0432,Diya Kumar,Finance,Delhi,102000,2021-05-30
EMP-0433,Sam Gupta,Engineering,Delhi,85000,2019-03-02
EMP-0434,Zara Das,Marketing,Remote,79000,2015-04-25
EMP-0435,Ishaan Kim,Sales,Delhi,98000,2015-07-19
EMP-0436,Rohan Mehta,Marketing,Pune,100000,2023-04-18
EMP-0437,Diya Silva,Engineering,Remote,114000,2015-10-04
EMP-0438,Morgan Wilson,Engineering,Hyderabad,143000,2018-06-22
EMP-0439,Alex Garcia,Finance,Chennai,115000,2024-05-10
EMP-0440,Ishaan Gupta,HR,Pune,74000,2022-02-19
EMP-0441,Priya Gupta,Finance,Remote,96000,2016-01-01
EMP-0442,Omar Chen,HR,Pune,66000,2017-08-11
EMP-0443,Taylor Patel,Marketing,Pune,90000,2024-12-24
EMP-0444,Vihaan Singh,Operations,Chennai,95000,2016-11-09
EMP-0445,Nina Das,Engineering,Bengaluru,141000,2022-03-27
EMP-0446,Taylor Singh,Operations,Hyderabad,52000,2021-12-09
EMP-0447,Ananya Kim,HR,Remote,75000,2017-02-14
EMP-0448,Sam Sharma,Finance,Hyderabad,70000,2022-05-20
EMP-0449,Aarav Khan,Sales,Remote,71000,2017-10-01
EMP-0450,Nina Brown,Operations,Hyderabad,45000,2024-01-19
EMP-0451,Alex Garcia,HR,Pune,79000,2015-07-04
EMP-0452,Alex Chen,Engineering,Bengaluru,93000,2019-08-27
EMP-0453,Alex Garcia,HR,Bengaluru,58000,2016-01-08
EMP-0454,Taylor Mehta,Engineering,Mumbai,106000,2016-08-12
EMP-0455,Arjun Gupta,Marketing,Chennai,67000,2019-07-27
EMP-0456,Ananya Ali,Sales,Bengaluru,86000,2017-01-13
EMP-0457,Ananya Das,Operations,Delhi,64000,2016-02-09
EMP-0458,Morgan Smith,Sales,Remote,78000,2019-03-19
EMP-0459,Ananya Reddy,Engineering,Hyderabad,100000,2023-06-08
EMP-0460,Sara Wilson,HR,Hyderabad,74000,2023-06-09
EMP-0461,Diya Khan,Finance,Pune,62000,2018-07-27
EMP-0462,Morgan Singh,HR,Pune,72000,2015-04-29
EMP-0463,Sara Sharma,Operations,Hyderabad,57000,2021-03-19
EMP-0464,Diya Iyer,Operations,Chennai,88000,2021-03-22
EMP-0465,Zara Kim,Sales,Bengaluru,97000,2020-01-01
EMP-0466,Sam Reddy,Operations,Delhi,90000,2016-08-06
EMP-0467,Kavya Iyer,HR,Hyderabad,76000,2019-10-02
EMP-0468,Ananya Sharma,Finance,Hyderabad,114000,2024-04-20
EMP-0469,Kavya Sharma,Marketing,Delhi,51000,2020-05-29
EMP-0470,Vihaan Garcia,HR,Chennai,64000,2024-06-12
EMP-0471,Nina Novak,Sales,Mumbai,81000,2015-07-06
EMP-0472,Taylor Kim,Operations,Bengaluru,44000,2018-05-16
EMP-0473,Diya Gupta,Finance,Pune,90000,2024-11-06
EMP-0474,Omar Novak,Sales,Chennai,85000,2024-11-29
EMP-0475,Vihaan Brown,Marketing,Chennai,65000,2017-10-04
EMP-0476,Alex Reddy,Marketing,Delhi,77000,2021-09-21
EMP-0477,Ishaan Sharma,Engineering,Bengaluru,147000,2020-05-05
EMP-0478,Kavya Chen,Engineering,Chennai,141000,2022-10-23
EMP-0479,Jordan Silva,Finance,Chennai,65000,2023-10-30
EMP-0480,Arjun Silva,Operations,Remote,41000,2024-05-01
EMP-0481,Priya Kumar,Operations,Pune,62000,2024-02-12
EMP-0482,Casey Garcia,HR,Remote,53000,2024-05-30
EMP-0483,Aarav Kumar,Operations,Mumbai,69000,2019-02-26
EMP-0484,Aarav Iyer,Finance,Delhi,57000,2023-07-04
EMP-0485,Casey Reddy,Operations,Hyderabad,45000,2024-02-26
EMP-0486,Zara Iyer,Operations,Delhi,54000,2020-07-15
EMP-0487,Vihaan Wilson,Engineering,Hyderabad,160000,2022-12-05
EMP-0488,Aarav Reddy,Sales,Remote,95000,2016-03-30
EMP-0489,Nina Novak,Marketing,Hyderabad,79000,2016-11-29
EMP-0490,Nina Ali,Sales,Hyderabad,67000,2015-09-25
EMP-0491,Arjun Gupta,Sales,Remote,78000,2021-05-23
EMP-0492,Sam Khan,Sales,Chennai,69000,2024-07-04
EMP-0493,Taylor Ali,Engineering,Hyderabad,102000,2022-08-20
EMP-0494,Aarav Chen,Finance,Delhi,61000,2024-07-29
EMP-0495,Morgan Khan,Finance,Hyderabad,70000,2022-08-17
EMP-0496,Ravi Lee,Finance,Bengaluru,121000,2023-07-06
EMP-0497,Sara Patel,Operations,Hyderabad,57000,2019-09-17
EMP-0498,Alex Sharma,Finance,Delhi,105000,2017-03-08
EMP-0499,Nina Sharma,Engineering,Pune,98000,2022-09-25
EMP-0500,Sara Reddy,Engineering,Delhi,91000,2018-09-10
