order_id,order_date,product,category,region,units,unit_price,revenue
ORD-0001,2025-05-06,Wireless Mouse,Electronics,North,9,24.99,224.91
ORD-0002,2025-01-17,Mechanical Keyboard,Electronics,,14,99.99,1399.86
ORD-0003,2025-11-05,Office Chair,Furniture,,17,189.99,3229.83
ORD-0004,2025-04-23,Bookshelf,Furniture,East,14,129.99,1819.86
ORD-0005,2025-06-24,USB-C Hub,Electronics,South,14,39.99,559.86
ORD-0006,2025-07-14,Notebook Pack,Office Supplies,East,3,12.99,38.97
ORD-0007,2025-10-02,Notebook Pack,Office Supplies,West,15,12.99,194.85
ORD-0008,2025-11-18,Mechanical Keyboard,Electronics,East,10,99.99,999.9
ORD-0009,2025-12-05,Desk Lamp,Furniture,East,2,34.99,69.98
ORD-0010,2025-07-14,USB-C Hub,Electronics,East,4,39.99,159.96
ORD-0011,2025-04-18,Standing Desk,Furniture,North,12,449.99,5399.88
ORD-0012,2025-03-25,Bookshelf,Furniture,East,8,129.99,1039.92
ORD-0013,2025-04-28,Standing Desk,Furniture,East,2,449.99,899.98
ORD-0014,2025-04-19,Baseball Cap,Apparel,East,3,16.99,50.97
ORD-0015,2025-11-26,Monitor Arm,Furniture,East,13,89.99,1169.87
ORD-0016,2025-10-03,Office Chair,Furniture,West,18,189.99,3419.82
ORD-0017,2025-03-12,Baseball Cap,Apparel,North,8,16.99,135.92
ORD-0018,2025-11-18,Wireless Mouse,Electronics,West,5,24.99,124.95
ORD-0019,2025-11-02,Webcam HD,Electronics,East,13,79.99,1039.87
ORD-0020,2025-05-17,Wireless Mouse,Electronics,East,18,24.99,449.82
ORD-0021,2025-03-22,Bluetooth Speaker,Electronics,East,14,59.99,839.86
ORD-0022,2025-11-17,Bookshelf,Furniture,South,4,129.99,519.96
ORD-0023,2025-10-04,Standing Desk,Furniture,North,6,449.99,2699.94
ORD-0024,2025-02-27,Paper Ream,Office Supplies,East,1,9.99,9.99
ORD-0025,2025-10-18,Desk Lamp,Furniture,North,8,34.99,279.92
ORD-0026,2025-03-06,Logo T-Shirt,Apparel,West,18,18.99,341.82
ORD-0027,2025-11-07,Standing Desk,Furniture,South,17,449.99,7649.83
ORD-0028,2025-12-10,Standing Desk,Furniture,West,13,449.99,5849.87
ORD-0029,2025-04-26,Logo T-Shirt,Apparel,North,8,18.99,151.92
ORD-0030,2025-01-04,Bookshelf,Furniture,North,8,129.99,1039.92
ORD-0031,2025-06-19,Desk Lamp,Furniture,South,2,34.99,69.98
ORD-0032,2025-10-04,Paper Ream,Office Supplies,West,7,9.99,69.93
ORD-0033,2025-04-08,Monitor Arm,Furniture,West,14,89.99,1259.86
ORD-0034,2025-08-28,Paper Ream,Office Supplies,North,14,9.99,139.86
ORD-0035,2025-06-23,Wireless Mouse,Electronics,North,13,24.99,324.87
ORD-0036,2025-10-02,Office Chair,Furniture,West,7,189.99,1329.93
ORD-0037,2025-05-08,Standing Desk,Furniture,North,15,449.99,6749.85
ORD-0038,2025-01-26,Rain Jacket,Apparel,North,4,69.99,279.96
ORD-0039,2025-07-28,USB-C Hub,Electronics,South,6,39.99,239.94
ORD-0040,2025-07-14,Logo T-Shirt,Apparel,,6,18.99,113.94
ORD-0041,2025-05-27,Baseball Cap,Apparel,West,15,16.99,254.85
ORD-0042,2025-04-22,Office Chair,Furniture,North,10,189.99,1899.9
ORD-0043,2025-10-27,Notebook Pack,Office Supplies,South,2,12.99,25.98
ORD-0044,2025-04-06,Mechanical Keyboard,Electronics,North,3,99.99,299.97
ORD-0045,2025-10-19,Monitor Arm,Furniture,North,4,89.99,359.96
ORD-0046,2025-10-17,Webcam HD,Electronics,East,19,79.99,1519.81
ORD-0047,2025-05-16,Standing Desk,Furniture,East,8,449.99,3599.92
ORD-0048,2025-01-05,Baseball Cap,Apparel,North,3,16.99,50.97
ORD-0049,2025-09-17,Mechanical Keyboard,Electronics,East,7,99.99,699.93
ORD-0050,2025-05-26,USB-C Hub,Electronics,East,12,39.99,479.88
ORD-0051,2025-12-06,Mechanical Keyboard,Electronics,South,10,99.99,999.9
ORD-0052,2025-10-11,Notebook Pack,Office Supplies,East,4,12.99,51.96
ORD-0053,2025-12-18,Standing Desk,Furniture,East,7,449.99,3149.93
ORD-0054,2025-02-17,Baseball Cap,Apparel,East,2,16.99,33.98
ORD-0055,2025-03-08,Wireless Mouse,Electronics,East,11,24.99,274.89
ORD-0056,2025-12-28,Monitor Arm,Furniture,North,18,89.99,1619.82
ORD-0057,2025-10-07,Wireless Mouse,Electronics,East,5,24.99,124.95
ORD-0058,2025-01-22,Monitor Arm,Furniture,North,5,89.99,449.95
ORD-0059,2025-12-08,Gel Pens 10ct,Office Supplies,West,8,8.99,71.92
ORD-0060,2025-04-01,Office Chair,Furniture,North,6,189.99,1139.94
ORD-0061,2025-12-09,Standing Desk,Furniture,South,14,449.99,6299.86
ORD-0062,2025-07-15,Gel Pens 10ct,Office Supplies,West,4,8.99,35.96
ORD-0063,2025-06-29,Office Chair,Furniture,South,15,189.99,2849.85
ORD-0064,2025-07-24,Desk Lamp,Furniture,North,7,34.99,244.93
ORD-0065,2025-07-24,Stapler,Office Supplies,East,17,14.99,254.83
ORD-0066,2025-04-02,Wireless Mouse,Electronics,East,9,24.99,224.91
ORD-0067,2025-08-11,Wireless Mouse,Electronics,East,20,24.99,499.8
ORD-0068,2025-03-01,Rain Jacket,Apparel,South,17,69.99,1189.83
ORD-0069,2025-01-01,Notebook Pack,Office Supplies,South,14,12.99,181.86
ORD-0070,2025-12-07,Paper Ream,Office Supplies,East,3,9.99,29.97
ORD-0071,2025-06-08,Bluetooth Speaker,Electronics,East,17,59.99,1019.83
ORD-0072,2025-03-07,Baseball Cap,Apparel,West,18,16.99,305.82
ORD-0073,2025-06-04,Bookshelf,Furniture,North,19,129.99,2469.81
ORD-0074,2025-08-09,Stapler,Office Supplies,East,7,14.99,104.93
ORD-0075,2025-12-12,Socks 3-Pack,Apparel,West,15,11.99,179.85
ORD-0076,2025-09-21,Desk Lamp,Furniture,East,10,34.99,349.9
ORD-0077,2025-04-26,USB-C Hub,Electronics,South,10,39.99,399.9
ORD-0078,2025-09-01,Wireless Mouse,Electronics,North,8,24.99,199.92
ORD-0079,2025-04-10,Socks 3-Pack,Apparel,West,19,11.99,227.81
ORD-0080,2025-03-17,Socks 3-Pack,Apparel,North,8,11.99,95.92
ORD-0081,2025-04-01,Webcam HD,Electronics,West,8,79.99,639.92
ORD-0082,2025-03-04,Mechanical Keyboard,Electronics,West,8,99.99,799.92
ORD-0083,2025-09-16,Paper Ream,Office Supplies,West,20,9.99,199.8
ORD-0084,2025-05-13,Monitor Arm,Furniture,East,15,89.99,1349.85
ORD-0085,2025-08-14,Hoodie,Apparel,East,9,44.99,404.91
ORD-0086,2025-06-13,Standing Desk,Furniture,North,11,449.99,4949.89
ORD-0087,2025-07-16,Office Chair,Furniture,South,8,189.99,1519.92
ORD-0088,2025-06-19,Webcam HD,Electronics,West,14,79.99,1119.86
ORD-0089,2025-07-19,USB-C Hub,Electronics,North,14,39.99,559.86
ORD-0090,2025-06-30,Socks 3-Pack,Apparel,West,1,11.99,11.99
ORD-0091,2025-11-05,Rain Jacket,Apparel,West,18,69.99,1259.82
ORD-0092,2025-09-06,Standing Desk,Furniture,,14,449.99,6299.86
ORD-0093,2025-08-28,Paper Ream,Office Supplies,North,6,9.99,59.94
ORD-0094,2025-12-06,Rain Jacket,Apparel,,19,69.99,1329.81
ORD-0095,2025-04-04,Hoodie,Apparel,West,15,44.99,674.85
ORD-0096,2025-06-17,Gel Pens 10ct,Office Supplies,West,15,8.99,134.85
ORD-0097,2025-02-11,Paper Ream,Office Supplies,North,9,9.99,89.91
ORD-0098,2025-11-30,Gel Pens 10ct,Office Supplies,North,3,8.99,26.97
ORD-0099,2025-11-15,Office Chair,Furniture,South,1,189.99,189.99
ORD-0100,2025-04-22,Logo T-Shirt,Apparel,East,19,18.99,360.81
ORD-0101,2025-11-07,Gel Pens 10ct,Office Supplies,North,20,8.99,179.8
ORD-0102,2025-10-24,Standing Desk,Furniture,,4,449.99,1799.96
ORD-0103,2025-07-23,Desk Organizer,Office Supplies,South,13,19.99,259.87
ORD-0104,2025-02-22,Mechanical Keyboard,Electronics,East,8,99.99,799.92
ORD-0105,2025-06-27,Mechanical Keyboard,Electronics,East,2,99.99,199.98
ORD-0106,2025-01-07,Mechanical Keyboard,Electronics,West,11,99.99,1099.89
ORD-0107,2025-11-22,Webcam HD,Electronics,West,12,79.99,959.88
ORD-0108,2025-09-25,Monitor Arm,Furniture,East,6,89.99,539.94
ORD-0109,2025-10-31,Socks 3-Pack,Apparel,South,14,11.99,167.86
ORD-0110,2025-05-05,Bluetooth Speaker,Electronics,West,15,59.99,899.85
ORD-0111,2025-06-16,Notebook Pack,Office Supplies,South,16,12.99,207.84
ORD-0112,2025-05-24,Stapler,Office Supplies,East,11,14.99,164.89
ORD-0113,2025-02-13,Mechanical Keyboard,Electronics,West,7,99.99,699.93
ORD-0114,2025-12-20,Rain Jacket,Apparel,West,8,69.99,559.92
ORD-0115,2025-05-31,Logo T-Shirt,Apparel,South,3,18.99,56.97
ORD-0116,2025-08-31,Desk Organizer,Office Supplies,East,12,19.99,239.88
ORD-0117,2025-06-30,Rain Jacket,Apparel,East,11,69.99,769.89
ORD-0118,2025-03-03,Stapler,Office Supplies,East,8,14.99,119.92
ORD-0119,2025-04-09,Mechanical Keyboard,Electronics,West,6,99.99,599.94
ORD-0120,2025-11-02,Desk Organizer,Office Supplies,North,17,19.99,339.83
ORD-0121,2025-07-04,Standing Desk,Furniture,North,8,449.99,3599.92
ORD-0122,2025-01-28,Standing Desk,Furniture,South,2,449.99,899.98
ORD-0123,2025-10-21,Logo T-Shirt,Apparel,West,1,18.99,18.99
ORD-0124,2025-01-27,Baseball Cap,Apparel,West,6,16.99,101.94
ORD-0125,2025-09-09,Wireless Mouse,Electronics,North,13,24.99,324.87
ORD-0126,2025-06-05,Office Chair,Furniture,South,19,189.99,3609.81
ORD-0127,2025-11-07,Mechanical Keyboard,Electronics,South,14,99.99,1399.86
ORD-0128,2025-06-02,Socks 3-Pack,Apparel,West,15,11.99,179.85
ORD-0129,2025-01-31,Desk Organizer,Office Supplies,North,20,19.99,399.8
ORD-0130,2025-12-05,Office Chair,Furniture,South,9,189.99,1709.91
ORD-0131,2025-03-22,Bookshelf,Furniture,,3,129.99,389.97
ORD-0132,2025-05-30,Rain Jacket,Apparel,East,16,69.99,1119.84
ORD-0133,2025-12-18,Paper Ream,Office Supplies,East,3,9.99,29.97
ORD-0134,2025-10-06,Monitor Arm,Furniture,South,4,89.99,359.96
ORD-0135,2025-01-31,Gel Pens 10ct,Office Supplies,East,3,8.99,26.97
ORD-0136,2025-08-28,Paper Ream,Office Supplies,West,4,9.99,39.96
ORD-0137,2025-09-10,Desk Organizer,Office Supplies,North,18,19.99,359.82
ORD-0138,2025-05-09,Baseball Cap,Apparel,,20,16.99,339.8
ORD-0139,2025-01-11,Bookshelf,Furniture,East,19,129.99,2469.81
ORD-0140,2025-09-23,USB-C Hub,Electronics,East,16,39.99,639.84
ORD-0141,2025-11-22,Bookshelf,Furniture,North,14,129.99,1819.86
ORD-0142,2025-06-20,Baseball Cap,Apparel,North,14,16.99,237.86
ORD-0143,2025-12-22,Standing Desk,Furniture,West,14,449.99,6299.86
ORD-0144,2025-06-11,Webcam HD,Electronics,North,3,79.99,239.97
ORD-0145,2025-12-03,Rain Jacket,Apparel,West,1,69.99,69.99
ORD-0146,2025-09-23,Logo T-Shirt,Apparel,West,7,18.99,132.93
ORD-0147,2025-05-17,Logo T-Shirt,Apparel,East,7,18.99,132.93
ORD-0148,2025-01-15,Socks 3-Pack,Apparel,South,4,11.99,47.96
ORD-0149,2025-01-08,Standing Desk,Furniture,North,18,449.99,8099.82
ORD-0150,2025-03-02,Desk Lamp,Furniture,South,15,34.99,524.85
ORD-0151,2025-12-28,Baseball Cap,Apparel,West,17,16.99,288.83
ORD-0152,2025-10-10,Hoodie,Apparel,South,15,44.99,674.85
ORD-0153,2025-08-01,Desk Lamp,Furniture,East,9,34.99,314.91
ORD-0154,2025-10-28,Bluetooth Speaker,Electronics,West,10,59.99,599.9
ORD-0155,2025-09-05,Monitor Arm,Furniture,West,18,89.99,1619.82
ORD-0156,2025-12-24,Baseball Cap,Apparel,West,7,16.99,118.93
ORD-0157,2025-06-12,Monitor Arm,Furniture,West,2,89.99,179.98
ORD-0158,2025-01-19,Hoodie,Apparel,East,16,44.99,719.84
ORD-0159,2025-09-27,Webcam HD,Electronics,North,4,79.99,319.96
ORD-0160,2025-02-08,Monitor Arm,Furniture,East,5,89.99,449.95
ORD-0161,2025-11-29,Desk Organizer,Office Supplies,East,13,19.99,259.87
ORD-0162,2025-10-05,Baseball Cap,Apparel,North,16,16.99,271.84
ORD-0163,2025-02-16,Standing Desk,Furniture,North,8,449.99,3599.92
ORD-0164,2025-12-22,Webcam HD,Electronics,North,6,79.99,479.94
ORD-0165,2025-05-31,Bluetooth Speaker,Electronics,West,2,59.99,119.98
ORD-0166,2025-07-30,Office Chair,Furniture,South,17,189.99,3229.83
ORD-0167,2025-11-09,Office Chair,Furniture,South,3,189.99,569.97
ORD-0168,2025-04-29,Rain Jacket,Apparel,East,5,69.99,349.95
ORD-0169,2025-08-27,Baseball Cap,Apparel,South,1,16.99,16.99
ORD-0170,2025-10-28,Webcam HD,Electronics,West,12,79.99,959.88
ORD-0171,2025-04-12,Paper Ream,Office Supplies,West,10,9.99,99.9
ORD-0172,2025-10-20,USB-C Hub,Electronics,East,13,39.99,519.87
ORD-0173,2025-05-21,Notebook Pack,Office Supplies,,13,12.99,168.87
ORD-0174,2025-05-27,Mechanical Keyboard,Electronics,South,16,99.99,1599.84
ORD-0175,2025-11-14,Gel Pens 10ct,Office Supplies,South,7,8.99,62.93
ORD-0176,2025-08-14,Wireless Mouse,Electronics,East,10,24.99,249.9
ORD-0177,2025-06-17,Desk Lamp,Furniture,South,10,34.99,349.9
ORD-0178,2025-07-07,Office Chair,Furniture,East,18,189.99,3419.82
ORD-0179,2025-06-01,Standing Desk,Furniture,East,16,449.99,7199.84
ORD-0180,2025-03-14,Webcam HD,Electronics,South,3,79.99,239.97
ORD-0181,2025-02-16,Rain Jacket,Apparel,North,12,69.99,839.88
ORD-0182,2025-08-21,Desk Organizer,Office Supplies,East,4,19.99,79.96
ORD-0183,2025-12-12,Baseball Cap,Apparel,North,4,16.99,67.96
ORD-0184,2025-11-28,Desk Organizer,Office Supplies,West,8,19.99,159.92
ORD-0185,2025-03-13,Paper Ream,Office Supplies,North,4,9.99,39.96
ORD-0186,2025-02-19,Paper Ream,Office Supplies,South,4,9.99,39.96
ORD-0187,2025-12-10,Socks 3-Pack,Apparel,West,12,11.99,143.88
ORD-0188,2025-09-08,Monitor Arm,Furniture,East,4,89.99,359.96
ORD-0189,2025-08-16,Bluetooth Speaker,Electronics,South,7,59.99,419.93
ORD-0190,2025-10-06,Notebook Pack,Office Supplies,East,12,12.99,155.88
ORD-0191,2025-04-08,Webcam HD,Electronics,West,9,79.99,719.91
ORD-0192,2025-01-11,USB-C Hub,Electronics,East,20,39.99,799.8
ORD-0193,2025-04-16,Office Chair,Furniture,South,19,189.99,3609.81
ORD-0194,2025-03-17,Office Chair,Furniture,North,11,189.99,2089.89
ORD-0195,2025-10-04,Gel Pens 10ct,Office Supplies,South,5,8.99,44.95
ORD-0196,2025-01-08,Wireless Mouse,Electronics,South,5,24.99,124.95
ORD-0197,2025-05-16,Notebook Pack,Office Supplies,West,6,12.99,77.94
ORD-0198,2025-08-18,Wireless Mouse,Electronics,North,16,24.99,399.84
ORD-0199,2025-11-11,Rain Jacket,Apparel,East,8,69.99,559.92
ORD-0200,2025-09-03,Logo T-Shirt,Apparel,West,2,18.99,37.98
ORD-0201,2025-02-07,Webcam HD,Electronics,East,15,79.99,1199.85
ORD-0202,2025-05-21,Desk Lamp,Furniture,East,5,34.99,174.95
ORD-0203,2025-05-31,Rain Jacket,Apparel,West,17,69.99,1189.83
ORD-0204,2025-04-21,Wireless Mouse,Electronics,South,18,24.99,449.82
ORD-0205,2025-07-24,Baseball Cap,Apparel,North,15,16.99,254.85
ORD-0206,2025-12-07,Paper Ream,Office Supplies,South,11,9.99,109.89
ORD-0207,2025-02-13,Logo T-Shirt,Apparel,North,3,18.99,56.97
ORD-0208,2025-01-31,Gel Pens 10ct,Office Supplies,East,18,8.99,161.82
ORD-0209,2025-12-07,Webcam HD,Electronics,West,12,79.99,959.88
ORD-0210,2025-06-09,Bluetooth Speaker,Electronics,South,20,59.99,1199.8
ORD-0211,2025-02-25,Monitor Arm,Furniture,East,8,89.99,719.92
ORD-0212,2025-04-26,Bluetooth Speaker,Electronics,North,19,59.99,1139.81
ORD-0213,2025-05-20,Notebook Pack,Office Supplies,East,6,12.99,77.94
ORD-0214,2025-04-03,Stapler,Office Supplies,West,1,14.99,14.99
ORD-0215,2025-02-16,USB-C Hub,Electronics,South,1,39.99,39.99
ORD-0216,2025-06-24,Socks 3-Pack,Apparel,East,15,11.99,179.85
ORD-0217,2025-02-13,Desk Organizer,Office Supplies,South,20,19.99,399.8
ORD-0218,2025-12-12,Bookshelf,Furniture,West,2,129.99,259.98
ORD-0219,2025-08-15,Socks 3-Pack,Apparel,South,20,11.99,239.8
ORD-0220,2025-02-26,Bluetooth Speaker,Electronics,West,14,59.99,839.86
ORD-0221,2025-07-22,Notebook Pack,Office Supplies,North,8,12.99,103.92
ORD-0222,2025-04-19,USB-C Hub,Electronics,East,10,39.99,399.9
ORD-0223,2025-01-04,Stapler,Office Supplies,West,4,14.99,59.96
ORD-0224,2025-09-30,Office Chair,Furniture,East,13,189.99,2469.87
ORD-0225,2025-08-12,Webcam HD,Electronics,,2,79.99,159.98
ORD-0226,2025-08-08,Bluetooth Speaker,Electronics,West,19,59.99,1139.81
ORD-0227,2025-01-11,Notebook Pack,Office Supplies,South,13,12.99,168.87
ORD-0228,2025-08-12,Baseball Cap,Apparel,South,3,16.99,50.97
ORD-0229,2025-09-26,Rain Jacket,Apparel,East,13,69.99,909.87
ORD-0230,2025-03-28,Gel Pens 10ct,Office Supplies,North,11,8.99,98.89
ORD-0231,2025-11-27,Standing Desk,Furniture,South,12,449.99,5399.88
ORD-0232,2025-04-12,USB-C Hub,Electronics,South,9,39.99,359.91
ORD-0233,2025-08-26,USB-C Hub,Electronics,West,16,39.99,639.84
ORD-0234,2025-08-14,Stapler,Office Supplies,West,5,14.99,74.95
ORD-0235,2025-01-29,Stapler,Office Supplies,North,19,14.99,284.81
ORD-0236,2025-01-20,Paper Ream,Office Supplies,East,15,9.99,149.85
ORD-0237,2025-11-01,Wireless Mouse,Electronics,West,20,24.99,499.8
ORD-0238,2025-11-30,Webcam HD,Electronics,West,19,79.99,1519.81
ORD-0239,2025-02-22,Desk Lamp,Furniture,East,15,34.99,524.85
ORD-0240,2025-01-21,Mechanical Keyboard,Electronics,West,6,99.99,599.94
ORD-0241,2025-11-09,Rain Jacket,Apparel,East,17,69.99,1189.83
ORD-0242,2025-06-23,Paper Ream,Office Supplies,North,14,9.99,139.86
ORD-0243,2025-02-18,Notebook Pack,Office Supplies,West,11,12.99,142.89
ORD-0244,2025-03-18,Stapler,Office Supplies,South,20,14.99,299.8
ORD-0245,2025-03-08,Stapler,Office Supplies,North,13,14.99,194.87
ORD-0246,2025-11-26,Desk Organizer,Office Supplies,South,13,19.99,259.87
ORD-0247,2025-07-05,Webcam HD,Electronics,,17,79.99,1359.83
ORD-0248,2025-06-24,Gel Pens 10ct,Office Supplies,West,7,8.99,62.93
ORD-0249,2025-03-21,Office Chair,Furniture,North,5,189.99,949.95
ORD-0250,2025-03-09,Bluetooth Speaker,Electronics,South,20,59.99,1199.8
ORD-0251,2025-03-26,Office Chair,Furniture,North,20,189.99,3799.8
ORD-0252,2025-08-16,Baseball Cap,Apparel,West,8,16.99,135.92
ORD-0253,2025-06-08,Bookshelf,Furniture,West,8,129.99,1039.92
ORD-0254,2025-08-14,Standing Desk,Furniture,East,19,449.99,8549.81
ORD-0255,2025-08-03,Rain Jacket,Apparel,South,17,69.99,1189.83
ORD-0256,2025-11-25,Standing Desk,Furniture,East,2,449.99,899.98
ORD-0257,2025-05-26,Mechanical Keyboard,Electronics,South,4,99.99,399.96
ORD-0258,2025-03-17,Paper Ream,Office Supplies,North,17,9.99,169.83
ORD-0259,2025-01-14,Monitor Arm,Furniture,West,12,89.99,1079.88
ORD-0260,2025-02-11,Gel Pens 10ct,Office Supplies,North,13,8.99,116.87
ORD-0261,2025-03-16,Notebook Pack,Office Supplies,East,11,12.99,142.89
ORD-0262,2025-08-18,Hoodie,Apparel,North,16,44.99,719.84
ORD-0263,2025-03-18,Bluetooth Speaker,Electronics,West,7,59.99,419.93
ORD-0264,2025-06-04,Bluetooth Speaker,Electronics,South,8,59.99,479.92
ORD-0265,2025-02-02,Rain Jacket,Apparel,West,15,69.99,1049.85
ORD-0266,2025-05-04,Mechanical Keyboard,Electronics,East,19,99.99,1899.81
ORD-0267,2025-06-30,Logo T-Shirt,Apparel,West,20,18.99,379.8
ORD-0268,2025-07-04,Desk Lamp,Furniture,North,17,34.99,594.83
ORD-0269,2025-11-22,Socks 3-Pack,Apparel,East,2,11.99,23.98
ORD-0270,2025-02-04,Notebook Pack,Office Supplies,North,12,12.99,155.88
ORD-0271,2025-06-30,Gel Pens 10ct,Office Supplies,South,2,8.99,17.98
ORD-0272,2025-03-11,Socks 3-Pack,Apparel,West,6,11.99,71.94
ORD-0273,2025-01-23,Bluetooth Speaker,Electronics,North,7,59.99,419.93
ORD-0274,2025-07-23,Stapler,Office Supplies,West,17,14.99,254.83
ORD-0275,2025-05-27,Notebook Pack,Office Supplies,North,7,12.99,90.93
ORD-0276,2025-07-08,Stapler,Office Supplies,West,4,14.99,59.96
ORD-0277,2025-04-06,Socks 3-Pack,Apparel,West,11,11.99,131.89
ORD-0278,2025-02-12,Desk Organizer,Office Supplies,North,9,19.99,179.91
ORD-0279,2025-10-07,Rain Jacket,Apparel,North,6,69.99,419.94
ORD-0280,2025-06-06,Bluetooth Speaker,Electronics,West,10,59.99,599.9
ORD-0281,2025-08-17,Monitor Arm,Furniture,East,12,89.99,1079.88
ORD-0282,2025-02-08,Baseball Cap,Apparel,West,2,16.99,33.98
ORD-0283,2025-01-16,Desk Organizer,Office Supplies,West,6,19.99,119.94
ORD-0284,2025-05-01,USB-C Hub,Electronics,East,3,39.99,119.97
ORD-0285,2025-01-17,Paper Ream,Office Supplies,West,19,9.99,189.81
ORD-0286,2025-02-09,Stapler,Office Supplies,East,15,14.99,224.85
ORD-0287,2025-05-08,Baseball Cap,Apparel,North,9,16.99,152.91
ORD-0288,2025-07-18,Monitor Arm,Furniture,North,17,89.99,1529.83
ORD-0289,2025-04-20,Stapler,Office Supplies,East,15,14.99,224.85
ORD-0290,2025-03-11,Hoodie,Apparel,West,4,44.99,179.96
ORD-0291,2025-12-16,Monitor Arm,Furniture,East,3,89.99,269.97
ORD-0292,2025-10-05,Notebook Pack,Office Supplies,East,18,12.99,233.82
ORD-0293,2025-09-18,Office Chair,Furniture,South,12,189.99,2279.88
ORD-0294,2025-01-14,Office Chair,Furniture,East,16,189.99,3039.84
ORD-0295,2025-11-10,Rain Jacket,Apparel,North,5,69.99,349.95
ORD-0296,2025-09-27,Paper Ream,Office Supplies,West,16,9.99,159.84
ORD-0297,2025-11-25,USB-C Hub,Electronics,West,11,39.99,439.89
ORD-0298,2025-11-24,Gel Pens 10ct,Office Supplies,South,18,8.99,161.82
ORD-0299,2025-03-05,Rain Jacket,Apparel,East,2,69.99,139.98
ORD-0300,2025-12-30,Office Chair,Furniture,East,11,189.99,2089.89
ORD-0301,2025-11-22,Bluetooth Speaker,Electronics,East,7,59.99,419.93
ORD-0302,2025-10-01,Standing Desk,Furniture,South,20,449.99,8999.8
ORD-0303,2025-11-06,Office Chair,Furniture,North,20,189.99,3799.8
ORD-0304,2025-11-25,Wireless Mouse,Electronics,East,2,24.99,49.98
ORD-0305,2025-11-13,Bookshelf,Furniture,West,14,129.99,1819.86
ORD-0306,2025-05-06,Stapler,Office Supplies,West,16,14.99,239.84
ORD-0307,2025-12-19,Paper Ream,Office Supplies,West,3,9.99,29.97
ORD-0308,2025-04-15,Socks 3-Pack,Apparel,South,15,11.99,179.85
ORD-0309,2025-07-24,Stapler,Office Supplies,East,12,14.99,179.88
ORD-0310,2025-08-27,Bluetooth Speaker,Electronics,West,8,59.99,479.92
ORD-0311,2025-01-26,Office Chair,Furniture,West,4,189.99,759.96
ORD-0312,2025-06-17,Hoodie,Apparel,East,6,44.99,269.94
ORD-0313,2025-09-21,Office Chair,Furniture,East,16,189.99,3039.84
ORD-0314,2025-07-21,Logo T-Shirt,Apparel,South,3,18.99,56.97
ORD-0315,2025-01-25,Bookshelf,Furniture,West,12,129.99,1559.88
ORD-0316,2025-01-05,Baseball Cap,Apparel,West,18,16.99,305.82
ORD-0317,2025-07-26,Standing Desk,Furniture,West,12,449.99,5399.88
ORD-0318,2025-04-10,Mechanical Keyboard,Electronics,East,18,99.99,1799.82
ORD-0319,2025-08-19,Webcam HD,Electronics,East,17,79.99,1359.83
ORD-0320,2025-07-21,USB-C Hub,Electronics,East,4,39.99,159.96
ORD-0321,2025-11-05,Gel Pens 10ct,Office Supplies,North,7,8.99,62.93
ORD-0322,2025-06-20,Wireless Mouse,Electronics,West,5,24.99,124.95
ORD-0323,2025-03-13,Bookshelf,Furniture,East,17,129.99,2209.83
ORD-0324,2025-06-03,Monitor Arm,Furniture,West,20,89.99,1799.8
ORD-0325,2025-07-08,Paper Ream,Office Supplies,North,1,9.99,9.99
ORD-0326,2025-12-19,Rain Jacket,Apparel,West,10,69.99,699.9
ORD-0327,2025-04-27,Desk Organizer,Office Supplies,West,19,19.99,379.81
ORD-0328,2025-07-14,Bookshelf,Furniture,South,20,129.99,2599.8
ORD-0329,2025-04-08,Mechanical Keyboard,Electronics,,4,99.99,399.96
ORD-0330,2025-07-31,Paper Ream,Office Supplies,West,5,9.99,49.95
ORD-0331,2025-09-23,Logo T-Shirt,Apparel,East,5,18.99,94.95
ORD-0332,2025-06-10,Rain Jacket,Apparel,West,13,69.99,909.87
ORD-0333,2025-12-13,Desk Organizer,Office Supplies,East,12,19.99,239.88
ORD-0334,2025-05-23,Hoodie,Apparel,South,8,44.99,359.92
ORD-0335,2025-12-20,Stapler,Office Supplies,East,7,14.99,104.93
ORD-0336,2025-05-21,Baseball Cap,Apparel,West,18,16.99,305.82
ORD-0337,2025-05-29,Baseball Cap,Apparel,North,5,16.99,84.95
ORD-0338,2025-09-03,Paper Ream,Office Supplies,East,9,9.99,89.91
ORD-0339,2025-11-12,Gel Pens 10ct,Office Supplies,South,4,8.99,35.96
ORD-0340,2025-04-26,Desk Lamp,Furniture,North,17,34.99,594.83
ORD-0341,2025-08-30,Webcam HD,Electronics,South,11,79.99,879.89
ORD-0342,2025-07-28,Mechanical Keyboard,Electronics,West,6,99.99,599.94
ORD-0343,2025-06-14,Hoodie,Apparel,North,10,44.99,449.9
ORD-0344,2025-10-01,Mechanical Keyboard,Electronics,North,8,99.99,799.92
ORD-0345,2025-01-19,Monitor Arm,Furniture,West,6,89.99,539.94
ORD-0346,2025-01-20,Hoodie,Apparel,,10,44.99,449.9
ORD-0347,2025-08-21,Bluetooth Speaker,Electronics,West,10,59.99,599.9
ORD-0348,2025-05-20,Bookshelf,Furniture,North,15,129.99,1949.85
ORD-0349,2025-11-28,Gel Pens 10ct,Office Supplies,South,15,8.99,134.85
ORD-0350,2025-10-18,Bluetooth Speaker,Electronics,South,10,59.99,599.9
ORD-0351,2025-08-07,Bookshelf,Furniture,North,13,129.99,1689.87
ORD-0352,2025-03-13,Logo T-Shirt,Apparel,South,6,18.99,113.94
ORD-0353,2025-05-01,Bluetooth Speaker,Electronics,East,13,59.99,779.87
ORD-0354,2025-10-21,Stapler,Office Supplies,,19,14.99,284.81
ORD-0355,2025-12-08,Gel Pens 10ct,Office Supplies,East,2,8.99,17.98
ORD-0356,2025-12-27,Monitor Arm,Furniture,North,17,89.99,1529.83
ORD-0357,2025-04-24,Stapler,Office Supplies,South,20,14.99,299.8
ORD-0358,2025-11-07,Hoodie,Apparel,West,15,44.99,674.85
ORD-0359,2025-02-11,Office Chair,Furniture,East,20,189.99,3799.8
ORD-0360,2025-02-01,Mechanical Keyboard,Electronics,South,4,99.99,399.96
ORD-0361,2025-09-24,Office Chair,Furniture,South,11,189.99,2089.89
ORD-0362,2025-08-17,Logo T-Shirt,Apparel,West,17,18.99,322.83
ORD-0363,2025-08-22,Bookshelf,Furniture,West,14,129.99,1819.86
ORD-0364,2025-05-11,Notebook Pack,Office Supplies,South,13,12.99,168.87
ORD-0365,2025-06-26,Wireless Mouse,Electronics,North,14,24.99,349.86
ORD-0366,2025-05-27,Webcam HD,Electronics,South,2,79.99,159.98
ORD-0367,2025-08-18,Baseball Cap,Apparel,West,13,16.99,220.87
ORD-0368,2025-03-10,Logo T-Shirt,Apparel,East,18,18.99,341.82
ORD-0369,2025-07-21,USB-C Hub,Electronics,South,18,39.99,719.82
ORD-0370,2025-08-26,Wireless Mouse,Electronics,West,10,24.99,249.9
ORD-0371,2025-08-24,Hoodie,Apparel,East,8,44.99,359.92
ORD-0372,2025-12-05,Desk Lamp,Furniture,North,2,34.99,69.98
ORD-0373,2025-02-21,Office Chair,Furniture,West,3,189.99,569.97
ORD-0374,2025-07-25,USB-C Hub,Electronics,South,2,39.99,79.98
ORD-0375,2025-05-29,USB-C Hub,Electronics,East,17,39.99,679.83
ORD-0376,2025-03-15,Gel Pens 10ct,Office Supplies,South,10,8.99,89.9
ORD-0377,2025-02-01,Baseball Cap,Apparel,South,9,16.99,152.91
ORD-0378,2025-01-25,Rain Jacket,Apparel,West,16,69.99,1119.84
ORD-0379,2025-03-18,Paper Ream,Office Supplies,South,14,9.99,139.86
ORD-0380,2025-06-03,Hoodie,Apparel,South,8,44.99,359.92
ORD-0381,2025-07-31,Logo T-Shirt,Apparel,South,18,18.99,341.82
ORD-0382,2025-04-15,Hoodie,Apparel,North,9,44.99,404.91
ORD-0383,2025-10-02,Baseball Cap,Apparel,South,3,16.99,50.97
ORD-0384,2025-12-11,Bluetooth Speaker,Electronics,North,13,59.99,779.87
ORD-0385,2025-12-10,USB-C Hub,Electronics,West,19,39.99,759.81
ORD-0386,2025-01-08,Standing Desk,Furniture,South,10,449.99,4499.9
ORD-0387,2025-12-23,Webcam HD,Electronics,South,8,79.99,639.92
ORD-0388,2025-06-14,Hoodie,Apparel,West,18,44.99,809.82
ORD-0389,2025-06-07,Rain Jacket,Apparel,West,12,69.99,839.88
ORD-0390,2025-06-13,Logo T-Shirt,Apparel,East,16,18.99,303.84
ORD-0391,2025-10-16,Paper Ream,Office Supplies,South,2,9.99,19.98
ORD-0392,2025-10-27,Bluetooth Speaker,Electronics,West,18,59.99,1079.82
ORD-0393,2025-06-18,Gel Pens 10ct,Office Supplies,South,7,8.99,62.93
ORD-0394,2025-05-12,Rain Jacket,Apparel,West,11,69.99,769.89
ORD-0395,2025-06-30,Socks 3-Pack,Apparel,West,6,11.99,71.94
ORD-0396,2025-09-26,Bookshelf,Furniture,North,2,129.99,259.98
ORD-0397,2025-03-12,Wireless Mouse,Electronics,South,14,24.99,349.86
ORD-0398,2025-04-22,USB-C Hub,Electronics,East,1,39.99,39.99
ORD-0399,2025-09-05,Mechanical Keyboard,Electronics,North,20,99.99,1999.8
ORD-0400,2025-07-30,Mechanical Keyboard,Electronics,,18,99.99,1799.82
ORD-0401,2025-01-09,Desk Organizer,Office Supplies,West,10,19.99,199.9
ORD-0402,2025-09-26,Desk Lamp,Furniture,South,4,34.99,139.96
ORD-0403,2025-07-23,Stapler,Office Supplies,West,9,14.99,134.91
ORD-0404,2025-12-23,Rain Jacket,Apparel,North,8,69.99,559.92
ORD-0405,2025-07-14,Wireless Mouse,Electronics,West,13,24.99,324.87
ORD-0406,2025-02-12,Wireless Mouse,Electronics,West,6,24.99,149.94
ORD-0407,2025-09-28,Desk Organizer,Office Supplies,South,4,19.99,79.96
ORD-0408,2025-05-19,Bookshelf,Furniture,North,16,129.99,2079.84
ORD-0409,2025-12-03,Desk Organizer,Office Supplies,East,19,19.99,379.81
ORD-0410,2025-03-15,USB-C Hub,Electronics,West,19,39.99,759.81
ORD-0411,2025-10-16,Bluetooth Speaker,Electronics,West,6,59.99,359.94
ORD-0412,2025-12-19,Paper Ream,Office Supplies,East,5,9.99,49.95
ORD-0413,2025-04-29,Wireless Mouse,Electronics,East,14,24.99,349.86
ORD-0414,2025-11-21,Baseball Cap,Apparel,West,1,16.99,16.99
ORD-0415,2025-10-11,Hoodie,Apparel,West,12,44.99,539.88
ORD-0416,2025-02-13,Bookshelf,Furniture,East,13,129.99,1689.87
ORD-0417,2025-05-18,Desk Lamp,Furniture,South,3,34.99,104.97
ORD-0418,2025-02-24,Baseball Cap,Apparel,East,12,16.99,203.88
ORD-0419,2025-02-22,Baseball Cap,Apparel,South,9,16.99,152.91
ORD-0420,2025-10-12,Socks 3-Pack,Apparel,North,18,11.99,215.82
ORD-0421,2025-10-11,Wireless Mouse,Electronics,East,12,24.99,299.88
ORD-0422,2025-07-31,Logo T-Shirt,Apparel,North,10,18.99,189.9
ORD-0423,2025-03-28,Bookshelf,Furniture,South,17,129.99,2209.83
ORD-0424,2025-05-18,Standing Desk,Furniture,North,10,449.99,4499.9
ORD-0425,2025-08-04,Monitor Arm,Furniture,North,9,89.99,809.91
ORD-0426,2025-11-17,Stapler,Office Supplies,South,8,14.99,119.92
ORD-0427,2025-06-05,Logo T-Shirt,Apparel,,5,18.99,94.95
ORD-0428,2025-07-14,Baseball Cap,Apparel,East,20,16.99,339.8
ORD-0429,2025-11-30,Baseball Cap,Apparel,South,14,16.99,237.86
ORD-0430,2025-12-22,Stapler,Office Supplies,East,20,14.99,299.8
ORD-0431,2025-05-30,Monitor Arm,Furniture,West,11,89.99,989.89
ORD-0432,2025-05-24,Standing Desk,Furniture,West,13,449.99,5849.87
ORD-0433,2025-04-13,Notebook Pack,Office Supplies,South,19,12.99,246.81
ORD-0434,2025-08-13,Webcam HD,Electronics,North,7,79.99,559.93
ORD-0435,2025-11-21,Socks 3-Pack,Apparel,East,5,11.99,59.95
ORD-0436,2025-02-07,Monitor Arm,Furniture,West,13,89.99,1169.87
ORD-0437,2025-12-21,Rain Jacket,Apparel,North,17,69.99,1189.83
ORD-0438,2025-11-23,Desk Organizer,Office Supplies,North,20,19.99,399.8
ORD-0439,2025-11-28,Standing Desk,Furniture,West,6,449.99,2699.94
ORD-0440,2025-01-06,Paper Ream,Office Supplies,South,4,9.99,39.96
ORD-0441,2025-07-20,Monitor Arm,Furniture,South,12,89.99,1079.88
ORD-0442,2025-02-23,Notebook Pack,Office Supplies,North,16,12.99,207.84
ORD-0443,2025-06-09,USB-C Hub,Electronics,South,12,39.99,479.88
ORD-0444,2025-02-19,Baseball Cap,Apparel,West,16,16.99,271.84
ORD-0445,2025-01-23,Notebook Pack,Office Supplies,North,10,12.99,129.9
ORD-0446,2025-12-13,Bluetooth Speaker,Electronics,South,4,59.99,239.96
ORD-0447,2025-06-19,Bookshelf,Furniture,West,6,129.99,779.94
ORD-0448,2025-04-06,Monitor Arm,Furniture,West,6,89.99,539.94
ORD-0449,2025-04-12,Logo T-Shirt,Apparel,West,20,18.99,379.8
ORD-0450,2025-04-16,Logo T-Shirt,Apparel,North,7,18.99,132.93
ORD-0451,2025-07-07,Mechanical Keyboard,Electronics,West,6,99.99,599.94
ORD-0452,2025-09-28,Bluetooth Speaker,Electronics,East,16,59.99,959.84
ORD-0453,2025-10-28,Rain Jacket,Apparel,East,13,69.99,909.87
ORD-0454,2025-12-11,Rain Jacket,Apparel,East,6,69.99,419.94
ORD-0455,2025-03-02,USB-C Hub,Electronics,North,11,39.99,439.89
ORD-0456,2025-09-19,Standing Desk,Furniture,South,5,449.99,2249.95
ORD-0457,2025-09-07,Socks 3-Pack,Apparel,South,6,11.99,71.94
ORD-0458,2025-03-13,Monitor Arm,Furniture,West,10,89.99,899.9
ORD-0459,2025-09-06,Bluetooth Speaker,Electronics,West,1,59.99,59.99
ORD-0460,2025-08-01,Socks 3-Pack,Apparel,West,16,11.99,191.84
ORD-0461,2025-10-17,Hoodie,Apparel,South,3,44.99,134.97
ORD-0462,2025-04-26,Notebook Pack,Office Supplies,South,9,12.99,116.91
ORD-0463,2025-10-09,Rain Jacket,Apparel,North,16,69.99,1119.84
ORD-0464,2025-10-05,Desk Organizer,Office Supplies,North,12,19.99,239.88
ORD-0465,2025-08-06,Rain Jacket,Apparel,South,7,69.99,489.93
ORD-0466,2025-05-15,Notebook Pack,Office Supplies,North,15,12.99,194.85
ORD-0467,2025-04-18,Logo T-Shirt,Apparel,East,8,18.99,151.92
ORD-0468,2025-03-13,Hoodie,Apparel,South,20,44.99,899.8
ORD-0469,2025-09-30,Mechanical Keyboard,Electronics,South,12,99.99,1199.88
ORD-0470,2025-10-21,Stapler,Office Supplies,North,10,14.99,149.9
ORD-0471,2025-05-22,Monitor Arm,Furniture,South,2,89.99,179.98
ORD-0472,2025-12-31,Office Chair,Furniture,South,5,189.99,949.95
ORD-0473,2025-10-23,Socks 3-Pack,Apparel,West,5,11.99,59.95
ORD-0474,2025-11-21,Socks 3-Pack,Apparel,North,3,11.99,35.97
ORD-0475,2025-12-22,Rain Jacket,Apparel,East,9,69.99,629.91
ORD-0476,2025-10-25,Socks 3-Pack,Apparel,,11,11.99,131.89
ORD-0477,2025-02-02,Webcam HD,Electronics,West,12,79.99,959.88
ORD-0478,2025-09-11,Monitor Arm,Furniture,East,7,89.99,629.93
ORD-0479,2025-03-08,Desk Organizer,Office Supplies,West,19,19.99,379.81
ORD-0480,2025-02-20,Notebook Pack,Office Supplies,West,2,12.99,25.98
ORD-0481,2025-08-14,Wireless Mouse,Electronics,West,6,24.99,149.94
ORD-0482,2025-03-23,Office Chair,Furniture,East,10,189.99,1899.9
ORD-0483,2025-02-12,Bluetooth Speaker,Electronics,South,9,59.99,539.91
ORD-0484,2025-12-25,Webcam HD,Electronics,West,10,79.99,799.9
ORD-0485,2025-04-20,Wireless Mouse,Electronics,South,1,24.99,24.99
ORD-0486,2025-01-05,Bookshelf,Furniture,,15,129.99,1949.85
ORD-0487,2025-12-22,Notebook Pack,Office Supplies,North,14,12.99,181.86
ORD-0488,2025-02-22,Monitor Arm,Furniture,East,3,89.99,269.97
ORD-0489,2025-03-10,Gel Pens 10ct,Office Supplies,South,13,8.99,116.87
ORD-0490,2025-01-05,Mechanical Keyboard,Electronics,South,19,99.99,1899.81
ORD-0491,2025-11-18,Baseball Cap,Apparel,West,7,16.99,118.93
ORD-0492,2025-02-21,Hoodie,Apparel,North,3,44.99,134.97
ORD-0493,2025-06-11,Baseball Cap,Apparel,South,14,16.99,237.86
ORD-0494,2025-10-11,Notebook Pack,Office Supplies,East,8,12.99,103.92
ORD-0495,2025-09-23,Bluetooth Speaker,Electronics,South,7,59.99,419.93
ORD-0496,2025-05-03,Baseball Cap,Apparel,North,2,16.99,33.98
ORD-0497,2025-02-06,Monitor Arm,Furniture,North,20,89.99,1799.8
ORD-0498,2025-07-18,Stapler,Office Supplies,West,5,14.99,74.95
ORD-0499,2025-08-30,Desk Organizer,Office Supplies,North,6,19.99,119.94
ORD-0500,2025-01-08,Mechanical Keyboard,Electronics,North,3,99.99,299.97
ORD-0501,2025-05-27,Webcam HD,Electronics,West,17,79.99,1359.83
ORD-0502,2025-11-24,Socks 3-Pack,Apparel,South,3,11.99,35.97
ORD-0503,2025-02-10,Notebook Pack,Office Supplies,South,10,12.99,129.9
ORD-0504,2025-07-20,Bookshelf,Furniture,North,11,129.99,1429.89
ORD-0505,2025-01-30,Paper Ream,Office Supplies,West,8,9.99,79.92
ORD-0506,2025-11-08,Webcam HD,Electronics,South,20,79.99,1599.8
ORD-0507,2025-12-26,Wireless Mouse,Electronics,,5,24.99,124.95
ORD-0508,2025-09-22,Baseball Cap,Apparel,East,17,16.99,288.83
ORD-0509,2025-05-18,Standing Desk,Furniture,North,5,449.99,2249.95
ORD-0510,2025-05-20,Bluetooth Speaker,Electronics,East,14,59.99,839.86
ORD-0511,2025-09-19,Webcam HD,Electronics,West,15,79.99,1199.85
ORD-0512,2025-05-11,Standing Desk,Furniture,North,6,449.99,2699.94
ORD-0513,2025-01-23,Bookshelf,Furniture,North,1,129.99,129.99
ORD-0514,2025-07-06,Desk Lamp,Furniture,South,16,34.99,559.84
ORD-0515,2025-12-02,Desk Lamp,Furniture,East,18,34.99,629.82
ORD-0516,2025-05-19,Monitor Arm,Furniture,East,11,89.99,989.89
ORD-0517,2025-04-02,Mechanical Keyboard,Electronics,North,2,99.99,199.98
ORD-0518,2025-05-25,Logo T-Shirt,Apparel,East,15,18.99,284.85
ORD-0519,2025-08-22,Notebook Pack,Office Supplies,,18,12.99,233.82
ORD-0520,2025-06-05,Standing Desk,Furniture,South,19,449.99,8549.81
ORD-0521,2025-09-10,Baseball Cap,Apparel,South,19,16.99,322.81
ORD-0522,2025-07-29,Office Chair,Furniture,,1,189.99,189.99
ORD-0523,2025-01-01,Notebook Pack,Office Supplies,West,11,12.99,142.89
ORD-0524,2025-09-29,Notebook Pack,Office Supplies,West,7,12.99,90.93
ORD-0525,2025-12-31,Logo T-Shirt,Apparel,North,5,18.99,94.95
ORD-0526,2025-12-25,Bookshelf,Furniture,West,14,129.99,1819.86
ORD-0527,2025-09-16,Mechanical Keyboard,Electronics,West,4,99.99,399.96
ORD-0528,2025-02-01,Mechanical Keyboard,Electronics,South,19,99.99,1899.81
ORD-0529,2025-06-11,Standing Desk,Furniture,West,9,449.99,4049.91
ORD-0530,2025-05-20,Stapler,Office Supplies,South,15,14.99,224.85
ORD-0531,2025-03-21,Bookshelf,Furniture,West,4,129.99,519.96
ORD-0532,2025-03-03,Baseball Cap,Apparel,South,14,16.99,237.86
ORD-0533,2025-05-16,Baseball Cap,Apparel,North,15,16.99,254.85
ORD-0534,2025-01-21,Standing Desk,Furniture,East,20,449.99,8999.8
ORD-0535,2025-07-02,Desk Lamp,Furniture,North,8,34.99,279.92
ORD-0536,2025-01-16,Stapler,Office Supplies,West,6,14.99,89.94
ORD-0537,2025-02-22,Desk Lamp,Furniture,South,15,34.99,524.85
ORD-0538,2025-04-24,Wireless Mouse,Electronics,West,2,24.99,49.98
ORD-0539,2025-10-28,Notebook Pack,Office Supplies,North,19,12.99,246.81
ORD-0540,2025-11-27,Wireless Mouse,Electronics,South,7,24.99,174.93
ORD-0541,2025-01-22,Bluetooth Speaker,Electronics,North,4,59.99,239.96
ORD-0542,2025-07-22,Bookshelf,Furniture,West,14,129.99,1819.86
ORD-0543,2025-04-20,Hoodie,Apparel,East,12,44.99,539.88
ORD-0544,2025-01-18,Paper Ream,Office Supplies,South,5,9.99,49.95
ORD-0545,2025-10-09,Paper Ream,Office Supplies,North,14,9.99,139.86
ORD-0546,2025-08-03,Paper Ream,Office Supplies,South,5,9.99,49.95
ORD-0547,2025-09-03,Webcam HD,Electronics,West,12,79.99,959.88
ORD-0548,2025-06-14,Desk Organizer,Office Supplies,South,17,19.99,339.83
ORD-0549,2025-04-23,Bluetooth Speaker,Electronics,,20,59.99,1199.8
ORD-0550,2025-09-29,Notebook Pack,Office Supplies,South,16,12.99,207.84
ORD-0551,2025-12-03,Desk Lamp,Furniture,North,8,34.99,279.92
ORD-0552,2025-07-01,Bookshelf,Furniture,South,13,129.99,1689.87
ORD-0553,2025-06-12,Office Chair,Furniture,East,19,189.99,3609.81
ORD-0554,2025-10-16,Bluetooth Speaker,Electronics,South,19,59.99,1139.81
ORD-0555,2025-03-31,Rain Jacket,Apparel,North,10,69.99,699.9
ORD-0556,2025-04-23,USB-C Hub,Electronics,,20,39.99,799.8
ORD-0557,2025-11-11,Logo T-Shirt,Apparel,South,11,18.99,208.89
ORD-0558,2025-01-31,Gel Pens 10ct,Office Supplies,,11,8.99,98.89
ORD-0559,2025-07-06,Desk Lamp,Furniture,East,17,34.99,594.83
ORD-0560,2025-06-22,Rain Jacket,Apparel,South,4,69.99,279.96
ORD-0561,2025-11-29,Monitor Arm,Furniture,East,16,89.99,1439.84
ORD-0562,2025-07-13,Bookshelf,Furniture,East,6,129.99,779.94
ORD-0563,2025-12-26,Office Chair,Furniture,West,1,189.99,189.99
ORD-0564,2025-06-12,USB-C Hub,Electronics,South,20,39.99,799.8
ORD-0565,2025-06-19,Webcam HD,Electronics,South,5,79.99,399.95
ORD-0566,2025-11-22,Stapler,Office Supplies,North,6,14.99,89.94
ORD-0567,2025-05-16,Paper Ream,Office Supplies,North,1,9.99,9.99
ORD-0568,2025-01-01,Stapler,Office Supplies,West,4,14.99,59.96
ORD-0569,2025-09-10,Hoodie,Apparel,East,14,44.99,629.86
ORD-0570,2025-10-23,Logo T-Shirt,Apparel,South,16,18.99,303.84
ORD-0571,2025-01-18,Monitor Arm,Furniture,East,3,89.99,269.97
ORD-0572,2025-06-25,Notebook Pack,Office Supplies,West,3,12.99,38.97
ORD-0573,2025-02-17,Desk Lamp,Furniture,West,18,34.99,629.82
ORD-0574,2025-11-07,Webcam HD,Electronics,South,6,79.99,479.94
ORD-0575,2025-04-16,Wireless Mouse,Electronics,West,11,24.99,274.89
ORD-0576,2025-05-02,Stapler,Office Supplies,West,10,14.99,149.9
ORD-0577,2025-07-04,Hoodie,Apparel,,2,44.99,89.98
ORD-0578,2025-09-03,Bluetooth Speaker,Electronics,North,20,59.99,1199.8
ORD-0579,2025-02-11,Office Chair,Furniture,North,10,189.99,1899.9
ORD-0580,2025-09-08,Paper Ream,Office Supplies,East,16,9.99,159.84
ORD-0581,2025-04-05,Mechanical Keyboard,Electronics,West,13,99.99,1299.87
ORD-0582,2025-01-23,Gel Pens 10ct,Office Supplies,West,15,8.99,134.85
ORD-0583,2025-10-16,Gel Pens 10ct,Office Supplies,North,9,8.99,80.91
ORD-0584,2025-07-31,Bluetooth Speaker,Electronics,South,18,59.99,1079.82
ORD-0585,2025-08-03,Webcam HD,Electronics,West,17,79.99,1359.83
ORD-0586,2025-02-10,Monitor Arm,Furniture,North,10,89.99,899.9
ORD-0587,2025-03-30,Desk Lamp,Furniture,South,15,34.99,524.85
ORD-0588,2025-01-22,Office Chair,Furniture,West,5,189.99,949.95
ORD-0589,2025-05-13,Office Chair,Furniture,North,20,189.99,3799.8
ORD-0590,2025-07-23,Webcam HD,Electronics,East,18,79.99,1439.82
ORD-0591,2025-10-28,Logo T-Shirt,Apparel,West,20,18.99,379.8
ORD-0592,2025-03-17,Webcam HD,Electronics,North,5,79.99,399.95
ORD-0593,2025-05-27,Mechanical Keyboard,Electronics,East,4,99.99,399.96
ORD-0594,2025-12-02,Baseball Cap,Apparel,West,13,16.99,220.87
ORD-0595,2025-07-26,USB-C Hub,Electronics,West,9,39.99,359.91
ORD-0596,2025-12-20,Webcam HD,Electronics,West,11,79.99,879.89
ORD-0597,2025-06-22,Stapler,Office Supplies,East,1,14.99,14.99
ORD-0598,2025-12-23,Stapler,Office Supplies,South,16,14.99,239.84
ORD-0599,2025-06-14,Standing Desk,Furniture,West,15,449.99,6749.85
ORD-0600,2025-04-19,USB-C Hub,Electronics,West,15,39.99,599.85
ORD-0601,2025-01-29,Rain Jacket,Apparel,South,12,69.99,839.88
ORD-0602,2025-07-26,Bluetooth Speaker,Electronics,North,17,59.99,1019.83
ORD-0603,2025-01-30,Office Chair,Furniture,West,7,189.99,1329.93
ORD-0604,2025-05-21,Bluetooth Speaker,Electronics,West,7,59.99,419.93
ORD-0605,2025-05-04,Logo T-Shirt,Apparel,West,1,18.99,18.99
ORD-0606,2025-10-10,Monitor Arm,Furniture,South,19,89.99,1709.81
ORD-0607,2025-01-15,Notebook Pack,Office Supplies,South,10,12.99,129.9
ORD-0608,2025-12-13,Office Chair,Furniture,West,8,189.99,1519.92
ORD-0609,2025-03-09,Wireless Mouse,Electronics,North,16,24.99,399.84
ORD-0610,2025-06-06,Standing Desk,Furniture,East,20,449.99,8999.8
ORD-0611,2025-08-24,Socks 3-Pack,Apparel,West,12,11.99,143.88
ORD-0612,2025-07-23,Desk Organizer,Office Supplies,North,20,19.99,399.8
ORD-0613,2025-11-08,Desk Organizer,Office Supplies,North,20,19.99,399.8
ORD-0614,2025-05-22,Logo T-Shirt,Apparel,East,11,18.99,208.89
ORD-0615,2025-03-18,Stapler,Office Supplies,South,7,14.99,104.93
ORD-0616,2025-12-05,Mechanical Keyboard,Electronics,South,13,99.99,1299.87
ORD-0617,2025-05-13,Webcam HD,Electronics,West,10,79.99,799.9
ORD-0618,2025-12-29,Logo T-Shirt,Apparel,South,19,18.99,360.81
ORD-0619,2025-11-23,Gel Pens 10ct,Office Supplies,East,18,8.99,161.82
ORD-0620,2025-04-03,Gel Pens 10ct,Office Supplies,West,18,8.99,161.82
ORD-0621,2025-04-04,Standing Desk,Furniture,East,18,449.99,8099.82
ORD-0622,2025-04-25,USB-C Hub,Electronics,East,12,39.99,479.88
ORD-0623,2025-05-14,Baseball Cap,Apparel,West,12,16.99,203.88
ORD-0624,2025-11-21,Webcam HD,Electronics,North,2,79.99,159.98
ORD-0625,2025-03-03,Hoodie,Apparel,West,17,44.99,764.83
ORD-0626,2025-03-19,Paper Ream,Office Supplies,South,2,9.99,19.98
ORD-0627,2025-08-23,Paper Ream,Office Supplies,South,19,9.99,189.81
ORD-0628,2025-11-20,Webcam HD,Electronics,East,11,79.99,879.89
ORD-0629,2025-05-21,Wireless Mouse,Electronics,South,15,24.99,374.85
ORD-0630,2025-03-08,Monitor Arm,Furniture,West,3,89.99,269.97
ORD-0631,2025-07-16,Socks 3-Pack,Apparel,,16,11.99,191.84
ORD-0632,2025-06-14,Standing Desk,Furniture,South,1,449.99,449.99
ORD-0633,2025-04-26,Wireless Mouse,Electronics,East,8,24.99,199.92
ORD-0634,2025-07-16,Gel Pens 10ct,Office Supplies,East,4,8.99,35.96
ORD-0635,2025-06-02,Desk Lamp,Furniture,West,2,34.99,69.98
ORD-0636,2025-06-25,Paper Ream,Office Supplies,West,5,9.99,49.95
ORD-0637,2025-07-26,Gel Pens 10ct,Office Supplies,,6,8.99,53.94
ORD-0638,2025-01-12,Office Chair,Furniture,South,7,189.99,1329.93
ORD-0639,2025-07-12,Bluetooth Speaker,Electronics,East,2,59.99,119.98
ORD-0640,2025-12-05,Mechanical Keyboard,Electronics,North,2,99.99,199.98
ORD-0641,2025-08-16,Wireless Mouse,Electronics,East,14,24.99,349.86
ORD-0642,2025-12-22,Hoodie,Apparel,North,7,44.99,314.93
ORD-0643,2025-12-06,Paper Ream,Office Supplies,South,4,9.99,39.96
ORD-0644,2025-11-13,Logo T-Shirt,Apparel,North,17,18.99,322.83
ORD-0645,2025-11-08,Webcam HD,Electronics,East,7,79.99,559.93
ORD-0646,2025-06-01,Standing Desk,Furniture,West,14,449.99,6299.86
ORD-0647,2025-05-01,Monitor Arm,Furniture,,11,89.99,989.89
ORD-0648,2025-12-09,Wireless Mouse,Electronics,North,19,24.99,474.81
ORD-0649,2025-11-26,Wireless Mouse,Electronics,East,9,24.99,224.91
ORD-0650,2025-02-21,Paper Ream,Office Supplies,North,2,9.99,19.98
ORD-0651,2025-08-07,Stapler,Office Supplies,North,11,14.99,164.89
ORD-0652,2025-12-06,Wireless Mouse,Electronics,East,5,24.99,124.95
ORD-0653,2025-05-18,Paper Ream,Office Supplies,North,20,9.99,199.8
ORD-0654,2025-02-28,Stapler,Office Supplies,West,6,14.99,89.94
ORD-0655,2025-08-04,Paper Ream,Office Supplies,South,16,9.99,159.84
ORD-0656,2025-03-23,USB-C Hub,Electronics,West,2,39.99,79.98
ORD-0657,2025-07-14,Hoodie,Apparel,North,20,44.99,899.8
ORD-0658,2025-02-27,Monitor Arm,Furniture,West,16,89.99,1439.84
ORD-0659,2025-12-02,Wireless Mouse,Electronics,South,9,24.99,224.91
ORD-0660,2025-12-19,Desk Organizer,Office Supplies,North,17,19.99,339.83
ORD-0661,2025-06-27,Hoodie,Apparel,West,16,44.99,719.84
ORD-0662,2025-01-28,Bookshelf,Furniture,,20,129.99,2599.8
ORD-0663,2025-09-11,Bookshelf,Furniture,North,16,129.99,2079.84
ORD-0664,2025-06-19,Baseball Cap,Apparel,North,8,16.99,135.92
ORD-0665,2025-07-26,Bookshelf,Furniture,North,13,129.99,1689.87
ORD-0666,2025-08-18,Socks 3-Pack,Apparel,West,19,11.99,227.81
ORD-0667,2025-09-12,Baseball Cap,Apparel,North,4,16.99,67.96
ORD-0668,2025-01-19,Webcam HD,Electronics,North,14,79.99,1119.86
ORD-0669,2025-11-23,Mechanical Keyboard,Electronics,South,20,99.99,1999.8
ORD-0670,2025-01-28,Baseball Cap,Apparel,West,12,16.99,203.88
ORD-0671,2025-11-04,Desk Organizer,Office Supplies,East,20,19.99,399.8
ORD-0672,2025-12-04,Logo T-Shirt,Apparel,East,4,18.99,75.96
ORD-0673,2025-09-25,Stapler,Office Supplies,North,18,14.99,269.82
ORD-0674,2025-03-13,USB-C Hub,Electronics,West,16,39.99,639.84
ORD-0675,2025-04-11,Bluetooth Speaker,Electronics,West,20,59.99,1199.8
ORD-0676,2025-06-23,Monitor Arm,Furniture,West,7,89.99,629.93
ORD-0677,2025-08-19,Mechanical Keyboard,Electronics,South,4,99.99,399.96
ORD-0678,2025-01-25,Logo T-Shirt,Apparel,West,17,18.99,322.83
ORD-0679,2025-12-21,Rain Jacket,Apparel,South,6,69.99,419.94
ORD-0680,2025-11-07,Webcam HD,Electronics,West,20,79.99,1599.8
ORD-0681,2025-05-21,Rain Jacket,Apparel,East,8,69.99,559.92
ORD-0682,2025-03-12,Paper Ream,Office Supplies,East,5,9.99,49.95
ORD-0683,2025-04-13,Desk Organizer,Office Supplies,East,7,19.99,139.93
ORD-0684,2025-09-15,Gel Pens 10ct,Office Supplies,East,6,8.99,53.94
ORD-0685,2025-09-03,Bluetooth Speaker,Electronics,West,18,59.99,1079.82
ORD-0686,2025-09-25,Paper Ream,Office Supplies,West,1,9.99,9.99
ORD-0687,2025-04-13,Desk Lamp,Furniture,South,2,34.99,69.98
ORD-0688,2025-02-01,Stapler,Office Supplies,East,5,14.99,74.95
ORD-0689,2025-07-03,Bookshelf,Furniture,North,2,129.99,259.98
ORD-0690,2025-05-02,Bookshelf,Furniture,East,13,129.99,1689.87
ORD-0691,2025-08-02,Webcam HD,Electronics,East,13,79.99,1039.87
ORD-0692,2025-04-14,Wireless Mouse,Electronics,West,9,24.99,224.91
ORD-0693,2025-10-07,Standing Desk,Furniture,South,19,449.99,8549.81
ORD-0694,2025-04-01,Standing Desk,Furniture,North,15,449.99,6749.85
ORD-0695,2025-03-03,Office Chair,Furniture,West,17,189.99,3229.83
ORD-0696,2025-03-08,Desk Organizer,Office Supplies,East,9,19.99,179.91
ORD-0697,2025-12-30,Bluetooth Speaker,Electronics,North,15,59.99,899.85
ORD-0698,2025-01-27,Standing Desk,Furniture,East,20,449.99,8999.8
ORD-0699,2025-07-03,Rain Jacket,Apparel,East,18,69.99,1259.82
ORD-0700,2025-02-04,Office Chair,Furniture,South,17,189.99,3229.83
ORD-0701,2025-07-26,Rain Jacket,Apparel,South,18,69.99,1259.82
ORD-0702,2025-07-04,Standing Desk,Furniture,West,11,449.99,4949.89
ORD-0703,2025-08-17,Wireless Mouse,Electronics,South,12,24.99,299.88
ORD-0704,2025-02-28,Bluetooth Speaker,Electronics,East,13,59.99,779.87
ORD-0705,2025-09-21,Mechanical Keyboard,Electronics,West,12,99.99,1199.88
ORD-0706,2025-11-30,Logo T-Shirt,Apparel,North,10,18.99,189.9
ORD-0707,2025-10-01,USB-C Hub,Electronics,,18,39.99,719.82
ORD-0708,2025-12-17,USB-C Hub,Electronics,North,7,39.99,279.93
ORD-0709,2025-11-28,Bookshelf,Furniture,North,14,129.99,1819.86
ORD-0710,2025-06-19,Desk Lamp,Furniture,North,15,34.99,524.85
ORD-0711,2025-10-13,USB-C Hub,Electronics,South,9,39.99,359.91
ORD-0712,2025-08-19,Paper Ream,Office Supplies,West,13,9.99,129.87
ORD-0713,2025-12-11,Notebook Pack,Office Supplies,North,13,12.99,168.87
ORD-0714,2025-12-25,Mechanical Keyboard,Electronics,East,2,99.99,199.98
ORD-0715,2025-11-07,Bluetooth Speaker,Electronics,West,10,59.99,599.9
ORD-0716,2025-08-31,Socks 3-Pack,Apparel,South,1,11.99,11.99
ORD-0717,2025-06-01,Monitor Arm,Furniture,South,18,89.99,1619.82
ORD-0718,2025-10-11,Stapler,Office Supplies,South,1,14.99,14.99
ORD-0719,2025-10-21,Wireless Mouse,Electronics,North,1,24.99,24.99
ORD-0720,2025-04-19,Gel Pens 10ct,Office Supplies,South,12,8.99,107.88
ORD-0721,2025-11-12,Office Chair,Furniture,South,8,189.99,1519.92
ORD-0722,2025-01-28,USB-C Hub,Electronics,West,19,39.99,759.81
ORD-0723,2025-05-09,Bluetooth Speaker,Electronics,West,3,59.99,179.97
ORD-0724,2025-12-10,Stapler,Office Supplies,North,5,14.99,74.95
ORD-0725,2025-04-10,Desk Organizer,Office Supplies,West,3,19.99,59.97
ORD-0726,2025-12-22,Desk Organizer,Office Supplies,East,10,19.99,199.9
ORD-0727,2025-01-03,Paper Ream,Office Supplies,South,6,9.99,59.94
ORD-0728,2025-03-10,Baseball Cap,Apparel,East,12,16.99,203.88
ORD-0729,2025-07-03,Socks 3-Pack,Apparel,West,15,11.99,179.85
ORD-0730,2025-02-11,USB-C Hub,Electronics,South,20,39.99,799.8
ORD-0731,2025-02-08,Standing Desk,Furniture,North,3,449.99,1349.97
ORD-0732,2025-01-19,Rain Jacket,Apparel,West,7,69.99,489.93
ORD-0733,2025-04-25,Standing Desk,Furniture,East,13,449.99,5849.87
ORD-0734,2025-09-19,Monitor Arm,Furniture,East,17,89.99,1529.83
ORD-0735,2025-12-17,USB-C Hub,Electronics,South,20,39.99,799.8
ORD-0736,2025-10-17,Hoodie,Apparel,South,6,44.99,269.94
ORD-0737,2025-04-23,Baseball Cap,Apparel,South,2,16.99,33.98
ORD-0738,2025-04-30,Bluetooth Speaker,Electronics,South,12,59.99,719.88
ORD-0739,2025-08-21,Paper Ream,Office Supplies,North,16,9.99,159.84
ORD-0740,2025-11-21,Notebook Pack,Office Supplies,East,17,12.99,220.83
ORD-0741,2025-07-07,Monitor Arm,Furniture,North,13,89.99,1169.87
ORD-0742,2025-09-22,Paper Ream,Office Supplies,East,8,9.99,79.92
ORD-0743,2025-01-04,Socks 3-Pack,Apparel,South,20,11.99,239.8
ORD-0744,2025-02-09,Hoodie,Apparel,East,8,44.99,359.92
ORD-0745,2025-03-22,Office Chair,Furniture,North,6,189.99,1139.94
ORD-0746,2025-02-28,Monitor Arm,Furniture,West,11,89.99,989.89
ORD-0747,2025-03-24,Hoodie,Apparel,West,19,44.99,854.81
ORD-0748,2025-03-07,USB-C Hub,Electronics,South,2,39.99,79.98
ORD-0749,2025-10-21,Bookshelf,Furniture,South,2,129.99,259.98
ORD-0750,2025-07-27,Gel Pens 10ct,Office Supplies,North,17,8.99,152.83
ORD-0751,2025-08-18,Notebook Pack,Office Supplies,West,7,12.99,90.93
ORD-0752,2025-07-30,Hoodie,Apparel,South,8,44.99,359.92
ORD-0753,2025-08-21,Gel Pens 10ct,Office Supplies,North,11,8.99,98.89
ORD-0754,2025-03-09,Monitor Arm,Furniture,South,13,89.99,1169.87
ORD-0755,2025-02-19,Hoodie,Apparel,North,20,44.99,899.8
ORD-0756,2025-12-04,Wireless Mouse,Electronics,North,16,24.99,399.84
ORD-0757,2025-07-09,Rain Jacket,Apparel,West,14,69.99,979.86
ORD-0758,2025-06-29,Monitor Arm,Furniture,North,13,89.99,1169.87
ORD-0759,2025-09-02,Hoodie,Apparel,North,9,44.99,404.91
ORD-0760,2025-07-29,Desk Organizer,Office Supplies,North,18,19.99,359.82
ORD-0761,2025-03-02,Mechanical Keyboard,Electronics,West,17,99.99,1699.83
ORD-0762,2025-07-05,Standing Desk,Furniture,West,14,449.99,6299.86
ORD-0763,2025-08-05,Stapler,Office Supplies,East,18,14.99,269.82
ORD-0764,2025-10-10,Hoodie,Apparel,West,14,44.99,629.86
ORD-0765,2025-10-12,Standing Desk,Furniture,East,18,449.99,8099.82
ORD-0766,2025-12-04,Paper Ream,Office Supplies,South,5,9.99,49.95
ORD-0767,2025-04-20,Hoodie,Apparel,East,4,44.99,179.96
ORD-0768,2025-11-22,USB-C Hub,Electronics,,13,39.99,519.87
ORD-0769,2025-11-04,USB-C Hub,Electronics,North,16,39.99,639.84
ORD-0770,2025-02-10,Gel Pens 10ct,Office Supplies,West,12,8.99,107.88
ORD-0771,2025-05-27,Rain Jacket,Apparel,North,17,69.99,1189.83
ORD-0772,2025-01-06,Monitor Arm,Furniture,East,15,89.99,1349.85
ORD-0773,2025-09-19,Desk Lamp,Furniture,South,20,34.99,699.8
ORD-0774,2025-05-03,Desk Lamp,Furniture,South,12,34.99,419.88
ORD-0775,2025-06-30,Bluetooth Speaker,Electronics,West,13,59.99,779.87
ORD-0776,2025-12-27,Bookshelf,Furniture,North,1,129.99,129.99
ORD-0777,2025-06-28,Desk Organizer,Office Supplies,East,19,19.99,379.81
ORD-0778,2025-08-21,Bookshelf,Furniture,North,7,129.99,909.93
ORD-0779,2025-09-17,Gel Pens 10ct,Office Supplies,North,14,8.99,125.86
ORD-0780,2025-09-20,Stapler,Office Supplies,East,4,14.99,59.96
ORD-0781,2025-09-05,Socks 3-Pack,Apparel,East,19,11.99,227.81
ORD-0782,2025-01-15,Socks 3-Pack,Apparel,East,19,11.99,227.81
ORD-0783,2025-12-13,Webcam HD,Electronics,East,8,79.99,639.92
ORD-0784,2025-10-02,Baseball Cap,Apparel,,17,16.99,288.83
ORD-0785,2025-02-17,Gel Pens 10ct,Office Supplies,East,10,8.99,89.9
ORD-0786,2025-09-01,Mechanical Keyboard,Electronics,South,6,99.99,599.94
ORD-0787,2025-09-13,Gel Pens 10ct,Office Supplies,South,7,8.99,62.93
ORD-0788,2025-04-28,Standing Desk,Furniture,South,7,449.99,3149.93
ORD-0789,2025-03-03,Gel Pens 10ct,Office Supplies,West,4,8.99,35.96
ORD-0790,2025-09-04,Mechanical Keyboard,Electronics,East,2,99.99,199.98
ORD-0791,2025-09-09,Rain Jacket,Apparel,East,9,69.99,629.91
ORD-0792,2025-03-07,Hoodie,Apparel,West,19,44.99,854.81
ORD-0793,2025-09-15,Rain Jacket,Apparel,South,2,69.99,139.98
ORD-0794,2025-08-24,Logo T-Shirt,Apparel,North,17,18.99,322.83
ORD-0795,2025-10-25,USB-C Hub,Electronics,East,13,39.99,519.87
ORD-0796,2025-05-15,Gel Pens 10ct,Office Supplies,West,18,8.99,161.82
ORD-0797,2025-09-13,Stapler,Office Supplies,West,6,14.99,89.94
ORD-0798,2025-05-24,Stapler,Office Supplies,South,13,14.99,194.87
ORD-0799,2025-05-01,Desk Lamp,Furniture,West,9,34.99,314.91
ORD-0800,2025-08-31,Office Chair,Furniture,South,5,189.99,949.95
ORD-0801,2025-11-19,Socks 3-Pack,Apparel,East,5,11.99,59.95
ORD-0802,2025-10-15,Baseball Cap,Apparel,North,9,16.99,152.91
ORD-0803,2025-01-31,Logo T-Shirt,Apparel,East,6,18.99,113.94
ORD-0804,2025-06-21,Logo T-Shirt,Apparel,East,15,18.99,284.85
ORD-0805,2025-07-30,Stapler,Office Supplies,South,1,14.99,14.99
ORD-0806,2025-06-16,Standing Desk,Furniture,West,12,449.99,5399.88
ORD-0807,2025-11-11,Logo T-Shirt,Apparel,South,13,18.99,246.87
ORD-0808,2025-11-20,Standing Desk,Furniture,West,14,449.99,6299.86
ORD-0809,2025-06-25,Wireless Mouse,Electronics,East,6,24.99,149.94
ORD-0810,2025-11-27,Stapler,Office Supplies,West,20,14.99,299.8
ORD-0811,2025-08-19,Desk Organizer,Office Supplies,South,17,19.99,339.83
ORD-0812,2025-12-05,USB-C Hub,Electronics,North,8,39.99,319.92
ORD-0813,2025-02-22,Office Chair,Furniture,West,13,189.99,2469.87
ORD-0814,2025-09-26,Wireless Mouse,Electronics,North,13,24.99,324.87
ORD-0815,2025-03-21,Bluetooth Speaker,Electronics,West,20,59.99,1199.8
ORD-0816,2025-05-26,Gel Pens 10ct,Office Supplies,South,8,8.99,71.92
ORD-0817,2025-01-15,Bookshelf,Furniture,East,6,129.99,779.94
ORD-0818,2025-10-04,Paper Ream,Office Supplies,West,15,9.99,149.85
ORD-0819,2025-10-30,Bookshelf,Furniture,West,6,129.99,779.94
ORD-0820,2025-10-04,Stapler,Office Supplies,North,16,14.99,239.84
ORD-0821,2025-07-31,Baseball Cap,Apparel,East,12,16.99,203.88
ORD-0822,2025-03-11,Wireless Mouse,Electronics,West,17,24.99,424.83
ORD-0823,2025-06-03,Webcam HD,Electronics,,16,79.99,1279.84
ORD-0824,2025-04-29,Baseball Cap,Apparel,East,20,16.99,339.8
ORD-0825,2025-08-12,Monitor Arm,Furniture,South,18,89.99,1619.82
ORD-0826,2025-05-15,Socks 3-Pack,Apparel,South,8,11.99,95.92
ORD-0827,2025-05-18,Stapler,Office Supplies,North,18,14.99,269.82
ORD-0828,2025-02-26,Office Chair,Furniture,West,10,189.99,1899.9
ORD-0829,2025-04-07,Desk Organizer,Office Supplies,South,16,19.99,319.84
ORD-0830,2025-04-06,Mechanical Keyboard,Electronics,East,1,99.99,99.99
ORD-0831,2025-01-05,Gel Pens 10ct,Office Supplies,South,15,8.99,134.85
ORD-0832,2025-06-25,Webcam HD,Electronics,West,7,79.99,559.93
ORD-0833,2025-06-19,Paper Ream,Office Supplies,South,2,9.99,19.98
ORD-0834,2025-02-06,Bluetooth Speaker,Electronics,South,13,59.99,779.87
ORD-0835,2025-01-07,Standing Desk,Furniture,South,13,449.99,5849.87
ORD-0836,2025-01-18,Socks 3-Pack,Apparel,North,8,11.99,95.92
ORD-0837,2025-12-15,Monitor Arm,Furniture,East,13,89.99,1169.87
ORD-0838,2025-09-24,Desk Lamp,Furniture,West,18,34.99,629.82
ORD-0839,2025-01-27,Gel Pens 10ct,Office Supplies,South,12,8.99,107.88
ORD-0840,2025-06-16,USB-C Hub,Electronics,,14,39.99,559.86
ORD-0841,2025-07-22,Desk Organizer,Office Supplies,North,4,19.99,79.96
ORD-0842,2025-12-19,Mechanical Keyboard,Electronics,East,16,99.99,1599.84
ORD-0843,2025-09-13,USB-C Hub,Electronics,East,6,39.99,239.94
ORD-0844,2025-11-27,Wireless Mouse,Electronics,North,12,24.99,299.88
ORD-0845,2025-06-12,Monitor Arm,Furniture,East,8,89.99,719.92
ORD-0846,2025-12-19,Hoodie,Apparel,South,1,44.99,44.99
ORD-0847,2025-12-28,Notebook Pack,Office Supplies,East,16,12.99,207.84
ORD-0848,2025-04-06,Hoodie,Apparel,East,19,44.99,854.81
ORD-0849,2025-10-11,Baseball Cap,Apparel,South,20,16.99,339.8
ORD-0850,2025-10-05,Baseball Cap,Apparel,North,9,16.99,152.91
ORD-0851,2025-11-14,Hoodie,Apparel,South,1,44.99,44.99
ORD-0852,2025-07-18,Notebook Pack,Office Supplies,West,18,12.99,233.82
ORD-0853,2025-06-15,Bookshelf,Furniture,East,10,129.99,1299.9
ORD-0854,2025-12-04,Wireless Mouse,Electronics,South,17,24.99,424.83
ORD-0855,2025-02-24,Desk Lamp,Furniture,North,7,34.99,244.93
ORD-0856,2025-12-03,Mechanical Keyboard,Electronics,East,13,99.99,1299.87
ORD-0857,2025-11-07,Bluetooth Speaker,Electronics,North,8,59.99,479.92
ORD-0858,2025-08-28,Monitor Arm,Furniture,North,3,89.99,269.97
ORD-0859,2025-07-08,Desk Organizer,Office Supplies,North,14,19.99,279.86
ORD-0860,2025-02-06,Desk Organizer,Office Supplies,North,2,19.99,39.98
ORD-0861,2025-02-21,Bookshelf,Furniture,West,4,129.99,519.96
ORD-0862,2025-12-03,Office Chair,Furniture,South,17,189.99,3229.83
ORD-0863,2025-07-03,Logo T-Shirt,Apparel,West,19,18.99,360.81
ORD-0864,2025-10-09,USB-C Hub,Electronics,East,6,39.99,239.94
ORD-0865,2025-08-15,Bookshelf,Furniture,East,20,129.99,2599.8
ORD-0866,2025-11-21,Stapler,Office Supplies,East,14,14.99,209.86
ORD-0867,2025-04-20,Bookshelf,Furniture,East,18,129.99,2339.82
ORD-0868,2025-07-23,Paper Ream,Office Supplies,,15,9.99,149.85
ORD-0869,2025-01-09,Bluetooth Speaker,Electronics,East,20,59.99,1199.8
ORD-0870,2025-04-20,Bluetooth Speaker,Electronics,North,8,59.99,479.92
ORD-0871,2025-10-12,Desk Organizer,Office Supplies,South,17,19.99,339.83
ORD-0872,2025-07-02,Wireless Mouse,Electronics,East,15,24.99,374.85
ORD-0873,2025-04-30,Desk Organizer,Office Supplies,East,8,19.99,159.92
ORD-0874,2025-10-19,Mechanical Keyboard,Electronics,North,13,99.99,1299.87
ORD-0875,2025-09-07,Paper Ream,Office Supplies,North,6,9.99,59.94
ORD-0876,2025-07-15,Notebook Pack,Office Supplies,North,19,12.99,246.81
ORD-0877,2025-08-02,Stapler,Office Supplies,North,14,14.99,209.86
ORD-0878,2025-11-21,Bookshelf,Furniture,West,1,129.99,129.99
ORD-0879,2025-01-22,Bluetooth Speaker,Electronics,South,17,59.99,1019.83
ORD-0880,2025-03-20,Desk Organizer,Office Supplies,West,8,19.99,159.92
ORD-0881,2025-09-16,Rain Jacket,Apparel,West,19,69.99,1329.81
ORD-0882,2025-03-09,Paper Ream,Office Supplies,West,5,9.99,49.95
ORD-0883,2025-05-15,Mechanical Keyboard,Electronics,West,13,99.99,1299.87
ORD-0884,2025-10-14,Office Chair,Furniture,West,16,189.99,3039.84
ORD-0885,2025-09-26,Bookshelf,Furniture,North,20,129.99,2599.8
ORD-0886,2025-12-17,Paper Ream,Office Supplies,North,11,9.99,109.89
ORD-0887,2025-07-07,Webcam HD,Electronics,East,14,79.99,1119.86
ORD-0888,2025-06-06,Desk Organizer,Office Supplies,East,1,19.99,19.99
ORD-0889,2025-08-14,Rain Jacket,Apparel,South,5,69.99,349.95
ORD-0890,2025-02-13,Standing Desk,Furniture,North,5,449.99,2249.95
ORD-0891,2025-05-28,Bookshelf,Furniture,,5,129.99,649.95
ORD-0892,2025-08-30,Bluetooth Speaker,Electronics,,15,59.99,899.85
ORD-0893,2025-04-15,Bookshelf,Furniture,East,7,129.99,909.93
ORD-0894,2025-12-22,Rain Jacket,Apparel,North,5,69.99,349.95
ORD-0895,2025-01-23,Rain Jacket,Apparel,North,17,69.99,1189.83
ORD-0896,2025-05-19,Gel Pens 10ct,Office Supplies,North,20,8.99,179.8
ORD-0897,2025-12-06,Webcam HD,Electronics,East,9,79.99,719.91
ORD-0898,2025-11-29,Wireless Mouse,Electronics,West,10,24.99,249.9
ORD-0899,2025-11-02,Bluetooth Speaker,Electronics,South,16,59.99,959.84
ORD-0900,2025-10-15,Bookshelf,Furniture,North,15,129.99,1949.85
ORD-0901,2025-06-06,USB-C Hub,Electronics,West,17,39.99,679.83
ORD-0902,2025-12-17,Desk Lamp,Furniture,East,12,34.99,419.88
ORD-0903,2025-02-01,Bookshelf,Furniture,West,9,129.99,1169.91
ORD-0904,2025-04-26,Mechanical Keyboard,Electronics,West,9,99.99,899.91
ORD-0905,2025-09-24,Desk Lamp,Furniture,South,13,34.99,454.87
ORD-0906,2025-03-20,Hoodie,Apparel,East,19,44.99,854.81
ORD-0907,2025-03-09,Paper Ream,Office Supplies,South,18,9.99,179.82
ORD-0908,2025-12-19,Office Chair,Furniture,South,10,189.99,1899.9
ORD-0909,2025-03-22,Hoodie,Apparel,North,19,44.99,854.81
ORD-0910,2025-01-16,Standing Desk,Furniture,West,5,449.99,2249.95
ORD-0911,2025-11-23,Baseball Cap,Apparel,East,15,16.99,254.85
ORD-0912,2025-03-09,Office Chair,Furniture,East,4,189.99,759.96
ORD-0913,2025-04-29,Bookshelf,Furniture,East,8,129.99,1039.92
ORD-0914,2025-09-15,Webcam HD,Electronics,West,5,79.99,399.95
ORD-0915,2025-09-09,Gel Pens 10ct,Office Supplies,South,13,8.99,116.87
ORD-0916,2025-07-29,Office Chair,Furniture,North,2,189.99,379.98
ORD-0917,2025-12-10,Paper Ream,Office Supplies,South,8,9.99,79.92
ORD-0918,2025-11-12,USB-C Hub,Electronics,East,15,39.99,599.85
ORD-0919,2025-07-27,Hoodie,Apparel,West,14,44.99,629.86
ORD-0920,2025-10-20,Paper Ream,Office Supplies,North,20,9.99,199.8
ORD-0921,2025-01-22,Webcam HD,Electronics,South,15,79.99,1199.85
ORD-0922,2025-07-18,Logo T-Shirt,Apparel,North,18,18.99,341.82
ORD-0923,2025-07-23,Standing Desk,Furniture,East,15,449.99,6749.85
ORD-0924,2025-05-31,Hoodie,Apparel,North,14,44.99,629.86
ORD-0925,2025-02-16,Monitor Arm,Furniture,North,15,89.99,1349.85
ORD-0926,2025-03-11,Bookshelf,Furniture,East,18,129.99,2339.82
ORD-0927,2025-08-21,Logo T-Shirt,Apparel,South,6,18.99,113.94
ORD-0928,2025-06-15,Logo T-Shirt,Apparel,South,9,18.99,170.91
ORD-0929,2025-12-28,Wireless Mouse,Electronics,East,4,24.99,99.96
ORD-0930,2025-09-19,Mechanical Keyboard,Electronics,South,13,99.99,1299.87
ORD-0931,2025-01-23,Rain Jacket,Apparel,East,13,69.99,909.87
ORD-0932,2025-04-02,Office Chair,Furniture,North,5,189.99,949.95
ORD-0933,2025-08-17,Baseball Cap,Apparel,South,10,16.99,169.9
ORD-0934,2025-01-02,USB-C Hub,Electronics,East,7,39.99,279.93
ORD-0935,2025-09-13,Webcam HD,Electronics,North,16,79.99,1279.84
ORD-0936,2025-10-29,Hoodie,Apparel,West,7,44.99,314.93
ORD-0937,2025-11-04,Socks 3-Pack,Apparel,South,3,11.99,35.97
ORD-0938,2025-04-17,Desk Organizer,Office Supplies,South,18,19.99,359.82
ORD-0939,2025-03-16,Bluetooth Speaker,Electronics,East,2,59.99,119.98
ORD-0940,2025-02-25,Notebook Pack,Office Supplies,South,2,12.99,25.98
ORD-0941,2025-12-05,Standing Desk,Furniture,South,20,449.99,8999.8
ORD-0942,2025-01-19,Rain Jacket,Apparel,East,12,69.99,839.88
ORD-0943,2025-02-04,Stapler,Office Supplies,North,13,14.99,194.87
ORD-0944,2025-03-04,Paper Ream,Office Supplies,East,5,9.99,49.95
ORD-0945,2025-09-26,Desk Organizer,Office Supplies,South,14,19.99,279.86
ORD-0946,2025-11-19,Wireless Mouse,Electronics,North,19,24.99,474.81
ORD-0947,2025-08-07,Rain Jacket,Apparel,East,10,69.99,699.9
ORD-0948,2025-11-16,Desk Organizer,Office Supplies,South,19,19.99,379.81
ORD-0949,2025-09-10,Rain Jacket,Apparel,South,16,69.99,1119.84
ORD-0950,2025-03-02,Gel Pens 10ct,Office Supplies,,1,8.99,8.99
ORD-0951,2025-08-01,USB-C Hub,Electronics,East,20,39.99,799.8
ORD-0952,2025-01-06,Desk Organizer,Office Supplies,East,7,19.99,139.93
ORD-0953,2025-06-03,Notebook Pack,Office Supplies,East,10,12.99,129.9
ORD-0954,2025-06-24,Wireless Mouse,Electronics,North,11,24.99,274.89
ORD-0955,2025-06-23,Office Chair,Furniture,West,11,189.99,2089.89
ORD-0956,2025-09-04,Logo T-Shirt,Apparel,West,5,18.99,94.95
ORD-0957,2025-01-29,Paper Ream,Office Supplies,East,14,9.99,139.86
ORD-0958,2025-01-10,Desk Organizer,Office Supplies,East,18,19.99,359.82
ORD-0959,2025-05-24,Notebook Pack,Office Supplies,East,5,12.99,64.95
ORD-0960,2025-10-20,Rain Jacket,Apparel,South,6,69.99,419.94
ORD-0961,2025-12-30,Bluetooth Speaker,Electronics,West,11,59.99,659.89
ORD-0962,2025-07-10,Webcam HD,Electronics,East,8,79.99,639.92
ORD-0963,2025-03-31,Bookshelf,Furniture,North,10,129.99,1299.9
ORD-0964,2025-09-17,Desk Lamp,Furniture,,15,34.99,524.85
ORD-0965,2025-04-08,Rain Jacket,Apparel,West,5,69.99,349.95
ORD-0966,2025-02-20,Stapler,Office Supplies,South,5,14.99,74.95
ORD-0967,2025-07-18,Desk Lamp,Furniture,North,15,34.99,524.85
ORD-0968,2025-12-18,Bluetooth Speaker,Electronics,North,2,59.99,119.98
ORD-0969,2025-02-22,Paper Ream,Office Supplies,East,2,9.99,19.98
ORD-0970,2025-11-24,Mechanical Keyboard,Electronics,East,10,99.99,999.9
ORD-0971,2025-05-22,Office Chair,Furniture,West,10,189.99,1899.9
ORD-0972,2025-03-22,Bluetooth Speaker,Electronics,North,5,59.99,299.95
ORD-0973,2025-06-29,USB-C Hub,Electronics,East,18,39.99,719.82
ORD-0974,2025-05-06,Standing Desk,Furniture,East,19,449.99,8549.81
ORD-0975,2025-01-26,Desk Organizer,Office Supplies,West,15,19.99,299.85
ORD-0976,2025-01-28,Wireless Mouse,Electronics,West,13,24.99,324.87
ORD-0977,2025-11-19,Bookshelf,Furniture,West,19,129.99,2469.81
ORD-0978,2025-04-12,Stapler,Office Supplies,North,11,14.99,164.89
ORD-0979,2025-02-17,Rain Jacket,Apparel,West,5,69.99,349.95
ORD-0980,2025-12-17,Webcam HD,Electronics,West,10,79.99,799.9
ORD-0981,2025-03-15,Hoodie,Apparel,East,8,44.99,359.92
ORD-0982,2025-12-25,Paper Ream,Office Supplies,East,6,9.99,59.94
ORD-0983,2025-01-16,Paper Ream,Office Supplies,North,16,9.99,159.84
ORD-0984,2025-03-29,Paper Ream,Office Supplies,East,15,9.99,149.85
ORD-0985,2025-07-27,Bookshelf,Furniture,North,4,129.99,519.96
ORD-0986,2025-06-04,Desk Organizer,Office Supplies,West,3,19.99,59.97
ORD-0987,2025-05-05,Hoodie,Apparel,West,20,44.99,899.8
ORD-0988,2025-04-17,Logo T-Shirt,Apparel,West,11,18.99,208.89
ORD-0989,2025-10-06,Rain Jacket,Apparel,South,11,69.99,769.89
ORD-0990,2025-02-28,Mechanical Keyboard,Electronics,West,16,99.99,1599.84
ORD-0991,2025-08-16,Desk Organizer,Office Supplies,West,4,19.99,79.96
ORD-0992,2025-12-17,Mechanical Keyboard,Electronics,West,4,99.99,399.96
ORD-0993,2025-02-16,Paper Ream,Office Supplies,South,2,9.99,19.98
ORD-0994,2025-08-20,USB-C Hub,Electronics,West,5,39.99,199.95
ORD-0995,2025-12-15,Hoodie,Apparel,East,7,44.99,314.93
ORD-0996,2025-02-15,Paper Ream,Office Supplies,West,12,9.99,119.88
ORD-0997,2025-07-09,Standing Desk,Furniture,North,2,449.99,899.98
ORD-0998,2025-02-26,Mechanical Keyboard,Electronics,North,12,99.99,1199.88
ORD-0999,2025-07-21,Monitor Arm,Furniture,West,19,89.99,1709.81
ORD-1000,2025-10-07,Socks 3-Pack,Apparel,South,14,11.99,167.86
